Workbook

Sheet Count
A1: Path | B1: Tab | C1: Count | D1: Duration | E1: URL
A2: collect/miscellaneous/Dhaka FM | B2: Lina | C2: =COUNTA(Lina!A2:A1000) -> 64 | D2: =SUM(Lina!B2:B1000) -> 1605.131 | E2: https://docs.google.com/spreadsheets/d/1MWa6Tvw4zXRkw-sT1Z4FkDvYEbXl6LisfYmRs4QaUgo/edit?gid=1682353242#gid=1682353242
A3: collect/read/YouTube/Bangladesh Television (BTV) | B3: MRK | C3: =COUNTA(MRK!A2:A1000) -> 50 | D3: =SUM(MRK!B2:B1000) -> 1500 | E3: https://docs.google.com/spreadsheets/d/1zG1DWj8Uo2fz0FrO7K3VPRZJmjbogsoOJ6_8dRxiwFM/edit?gid=1682353242#gid=1682353242
A4: collect/read/YouTube/Sangsad TV | B4: Dipto | C4: =COUNTA(Dipto!A2:A1000) -> 22 | D4: =SUM(Dipto!B2:B1000) -> 652.908 | E4: https://docs.google.com/spreadsheets/d/1SAKeZ4GYS3XtJ3VK37ysMZSatkqfS7NH3Cp-nBziPqw/edit?gid=1682353242#gid=1682353242
A5: collect/spontaneous/Dhaka FM | B5: Mehadi | C5: =COUNTA(Mehadi!A2:A1000) -> 41 | D5: =SUM(Mehadi!B2:B1000) -> 1053.621 | E5: https://docs.google.com/spreadsheets/d/1V6JmdOW71JtSp5DOttFFQLzJt2Wil6ZQ8f10dGOIJ7k/edit?gid=0#gid=0
A6: collect/spontaneous/Dhaka FM/(বি কুল) BC - PROGRAM | B6: Mashruf-2 | C6: =COUNTA('Mashruf-2'!A8:A1000) -> 47 | D6: =SUM('Mashruf-2'!B8:B1000) -> 1410
A7: collect/spontaneous/Dhaka FM/(হেল্প লাইন) HL - PROGRAM | B7: Nusrat | C7: =COUNTA(Nusrat!A2:A1000) -> 24 | D7: =SUM(Nusrat!B2:B1000) -> 624.631 | E7: https://docs.google.com/spreadsheets/d/1LWrkYRWqqjhjgxdMwjQ1Qm_gmcuQKclfv_z_HOhGK4I/edit?gid=1682353242#gid=1682353242
A8: collect/spontaneous/Facebook/BangladeshBetarNews | B8: Annoor | C8: =COUNTA(Annoor!A2:A1000) -> 71 | D8: =SUM(Annoor!B2:B1000) -> 1069.016 | E8: https://docs.google.com/spreadsheets/d/1sNsvTEjhFAxLcwsjZ1J7CaU0DXftbwyAHeDmpZqDOAI/edit?gid=1682353242#gid=1682353242
A9: collect/spontaneous/YouTube/a2i Bangladesh | B9: STA | C9: =COUNTA(STA!A2:A1000) -> 0 | D9: =SUM(STA!B2:B1000) -> 0 | E9: https://docs.google.com/spreadsheets/d/1UBnDQLBQan7R0Zm5qO8tuyav0U8mcd9uVBMEOwQuf6E/edit?gid=1682353242#gid=1682353242
A10: collect/spontaneous/YouTube/Bangladesh Open University (BOU) | B10: Annoor-2 | C10: =COUNTA('Annoor-2'!A2:A1000) -> 50 | D10: =SUM('Annoor-2'!B2:B1000) -> 1500 | E10: https://docs.google.com/spreadsheets/d/1sNsvTEjhFAxLcwsjZ1J7CaU0DXftbwyAHeDmpZqDOAI/edit?gid=1682353242#gid=1682353242
A11: collect/spontaneous/YouTube/Chapainawabganj TV | B11: Lina-2 | C11: =COUNTA('Lina-2'!A2:A1000) -> 40 | D11: =SUM('Lina-2'!B2:B1000) -> 1200 | E11: https://docs.google.com/spreadsheets/d/1MWa6Tvw4zXRkw-sT1Z4FkDvYEbXl6LisfYmRs4QaUgo/edit?gid=1682353242#gid=1682353242
A12: collect\read\YouTube\TORONGO | B12: Mashruf | C12: =COUNTA(Mashruf!A2:A1000) -> 160 | D12: =SUM(Mashruf!B2:B1000) -> 4800 | E12: https://docs.google.com/spreadsheets/d/1PtILyyZqZN6xk8xuQzHIvifzPUCl9KOtv8lTbbnVLPo/edit?gid=1682353242#gid=1682353242
D17: =SUM(D2:D6)/3600 -> 1.7282389 | E17: Hours

Sheet Sheet14

Sheet Credentials
A1: Instructions | B1: https://docs.google.com/document/d/1Bt2t5DqETxGsRZ6ucLhyW4Lxm9W8TV8tEAb9PES1SRg/edit?tab=t.0
A2: Here’s a video of how to use the tool : | B2: https://drive.google.com/file/d/1GZysFwDonYXQyT1YGkkJ8TwTSeMLhTNp/view?usp=sharing
A5: mehadi | B5: Kx9#mP2vL8qR | C5: collect/spontaneous/Dhaka FM | E5: https://docs.google.com/spreadsheets/d/1V6JmdOW71JtSp5DOttFFQLzJt2Wil6ZQ8f10dGOIJ7k/edit?gid=0#gid=0
A6: annoor | B6: Zt4$nW7jF3xY | C6: collect/spontaneous/Facebook/BangladeshBetarNews | E6: https://docs.google.com/spreadsheets/d/1sNsvTEjhFAxLcwsjZ1J7CaU0DXftbwyAHeDmpZqDOAI/edit?gid=0#gid=0
A7: lina | B7: Bv6&hQ9sM1kE | C7: collect/miscellaneous/Dhaka FM | E7: https://docs.google.com/spreadsheets/d/1MWa6Tvw4zXRkw-sT1Z4FkDvYEbXl6LisfYmRs4QaUgo/edit?gid=0#gid=0
A8: rar | B8: Gp3*rT8cN5wA
A9: dipto | B9: Jm7@uV2bX4zD | C9: collect/read/YouTube/Sangsad TV | E9: https://docs.google.com/spreadsheets/d/1SAKeZ4GYS3XtJ3VK37ysMZSatkqfS7NH3Cp-nBziPqw/edit?gid=0#gid=0
A10: sta | B10: Qw5!yH8fK9pL | C10: collect/spontaneous/YouTube | E10: https://docs.google.com/spreadsheets/d/1UBnDQLBQan7R0Zm5qO8tuyav0U8mcd9uVBMEOwQuf6E/edit?gid=0#gid=0
A11: mrk | B11: Cx2%eR6gJ7nM | C11: collect/read/YouTube/Bangladesh Television (BTV) | E11: https://docs.google.com/spreadsheets/d/1zG1DWj8Uo2fz0FrO7K3VPRZJmjbogsoOJ6_8dRxiwFM/edit?gid=0#gid=0
A12: fa | B12: Fs4^iO1tY3vB
A13: demo | B13: Nz8&aU5hW2qS | C13: collect\read\YouTube\TORONGO | E13: https://docs.google.com/spreadsheets/d/1PtILyyZqZN6xk8xuQzHIvifzPUCl9KOtv8lTbbnVLPo/edit?gid=0#gid=0
B16: npm start
B17: cloudflared tunnel run stt
A20: Read | B20: Bangladesh Television
B21: Torongo
B22: Sangsad TV
A23: Spontaneous | B23: Dhaka FM
B24: Facebook
B25: Youtube
A27: Miscellaneous | B27: Dhaka FM

Sheet Data
A1: Filename | B1: Duration (seconds) | C1: Text | D1: Correct | E1: Word Missing | F1: Spelling Mistake | G1: Word Accuracy | H1: Grammar & Syntax | I1: Proper Noun Recognition | J1: Punctuation & Formatting | K1: Audio Quality | L1: Language Content (if contains more than 10% foreign language) | M1: Notes

Sheet MRK
A1: =IFERROR(__xludf.DUMMYFUNCTION("IMPORTRANGE(""https://docs.google.com/spreadsheets/d/1zG1DWj8Uo2fz0FrO7K3VPRZJmjbogsoOJ6_8dRxiwFM"", ""Data!A:L"")"),"Filename") -> Filename | B1: =IFERROR(__xludf.DUMMYFUNCTION("""COMPUTED_VALUE"""),"Duration (seconds)") -> Duration (seconds) | C1: =IFERROR(__xludf.DUMMYFUNCTION("""COMPUTED_VALUE"""),"Text") -> Text | D1: =IFERROR(__xludf.DUMMYFUNCTION("""COMPUTED_VALUE"""),"Correct") -> Correct | E1: =IFERROR(__xludf.DUMMYFUNCTION("""COMPUTED_VALUE"""),"Word Missing") -> Word Missing | F1: =IFERROR(__xludf.DUMMYFUNCTION("""COMPUTED_VALUE"""),"Spelling Mistake") -> Spelling Mistake | G1: =IFERROR(__xludf.DUMMYFUNCTION("""COMPUTED_VALUE"""),"Word Accuracy") -> Word Accuracy | H1: =IFERROR(__xludf.DUMMYFUNCTION("""COMPUTED_VALUE"""),"Grammar & Syntax") -> Grammar & Syntax | I1: =IFERROR(__xludf.DUMMYFUNCTION("""COMPUTED_VALUE"""),"Proper Noun Recognition") -> Proper Noun Recognition | J1: =IFERROR(__xludf.DUMMYFUNCTION("""COMPUTED_VALUE"""),"Punctuation & Formatting") -> Punctuation & Formatting | K1: =IFERROR(__xludf.DUMMYFUNCTION("""COMPUTED_VALUE"""),"Audio Quality") -> Audio Quality | L1: =IFERROR(__xludf.DUMMYFUNCTION("""COMPUTED_VALUE"""),"Language Content (if contains more than 10% foreign language)") -> Language Content (if contains more than 10% foreign language)
A2: =IFERROR(__xludf.DUMMYFUNCTION("""COMPUTED_VALUE"""),"collect\read\YouTube\Bangladesh Television (BTV)\__yFg8a8Zb4\0289a285-0be7-4e45-b2f2-4e3700ea5348.flac") -> collect\read\YouTube\Bangladesh Television (BTV)\__yFg8a8Zb4\0289a285-0be7-4e45-b2f2-4e3700ea5348.flac | B2: =IFERROR(__xludf.DUMMYFUNCTION("""COMPUTED_VALUE"""),30.0) -> 30 | C2: =IFERROR(__xludf.DUMMYFUNCTION("""COMPUTED_VALUE"""),"প্রায় আশি পঁচাশি পার্সেন্ট মানুষ ঢাকার বাইরে গ্রামে বাস করে এবং এই গ্রামের মানুষগুলো কিন্তু এতদিন পর্যন্ত তাদের বিশ্বাস ছিল বা এখনো পর্যন্ত টুছাম হছেন বিশ্বাস আছে যে করোনা হচ্ছে এটা শহরের অসু করানা হচ্ছে এটা বড় লোকের অসু তো আয় এখনো পর্যন্ত যদি একটা দেশের "&"মানে এত বিশাল জনগোষ্ঠী করোনাকে ওভাবে শিকারী না করে তাহলে এই জনগোষ্ঠীকে আপনি কীভাবে আপনি সোশ্যাল ডিসটেন্সিংয়ের কথা বলেন আপনি মাস্ক পরার কথা বলেন এটা আপনি তো রাতারাতিটা করতে পারবেন") -> প্রায় আশি পঁচাশি পার্সেন্ট মানুষ ঢাকার বাইরে গ্রামে বাস করে এবং এই গ্রামের মানুষগুলো কিন্তু এতদিন পর্যন্ত তাদের বিশ্বাস ছিল বা এখনো পর্যন্ত টুছাম হছেন বিশ্বাস আছে যে করোনা হচ্ছে এটা শহরের অসু করানা হচ্ছে এটা বড় লোকের অসু তো আয় এখনো পর্যন্ত যদি একটা দেশের মানে এত বিশাল জনগোষ্ঠী করোনাকে ওভাবে শিকারী না করে তাহলে এই জনগোষ্ঠীকে আপনি কীভাবে আপনি সোশ্যাল ডিসটেন্সিংয়ের কথা বলেন আপনি মাস্ক পরার কথা বলেন এটা আপনি তো রাতারাতিটা করতে পারবেন | D2: =IFERROR(__xludf.DUMMYFUNCTION("""COMPUTED_VALUE"""),"No") -> No | E2: =IFERROR(__xludf.DUMMYFUNCTION("""COMPUTED_VALUE"""),"Yes") -> Yes | F2: =IFERROR(__xludf.DUMMYFUNCTION("""COMPUTED_VALUE"""),"Yes") -> Yes | G2: =IFERROR(__xludf.DUMMYFUNCTION("""COMPUTED_VALUE"""),0.5) -> 0.5 | H2: =IFERROR(__xludf.DUMMYFUNCTION("""COMPUTED_VALUE"""),0.5) -> 0.5 | I2: =IFERROR(__xludf.DUMMYFUNCTION("""COMPUTED_VALUE"""),1.0) -> 1 | J2: =IFERROR(__xludf.DUMMYFUNCTION("""COMPUTED_VALUE"""),1.0) -> 1 | K2: =IFERROR(__xludf.DUMMYFUNCTION("""COMPUTED_VALUE"""),"4– Usable, minor flaws Minor background noise.") -> 4– Usable, minor flaws Minor background noise. | L2: =IFERROR(__xludf.DUMMYFUNCTION("""COMPUTED_VALUE"""),"No") -> No
A3: =IFERROR(__xludf.DUMMYFUNCTION("""COMPUTED_VALUE"""),"collect\read\YouTube\Bangladesh Television (BTV)\__yFg8a8Zb4\02c8403f-16e9-441e-be80-669c2cf8de3e.flac") -> collect\read\YouTube\Bangladesh Television (BTV)\__yFg8a8Zb4\02c8403f-16e9-441e-be80-669c2cf8de3e.flac | B3: =IFERROR(__xludf.DUMMYFUNCTION("""COMPUTED_VALUE"""),30.0) -> 30 | C3: =IFERROR(__xludf.DUMMYFUNCTION("""COMPUTED_VALUE"""),"আমরা শুনেছি যো সেটা হয়তো আজকে আগামীকাল থেকে বা আজকে থেকেই হয়তো হয় শুরু হয়েছে এই ঠিকাদার প্রক্রিয়াটি এভাবে যদি টিকা দেয়ার প্রক্রিয়া আবার নতুন করে শুরু করা যায় এবং এটা যদি অব্যাহত রাখা যায় আমরা টিকার যোগান যদি আমরা পাই তবে একটি বিষয় মনে রাখতে হবে যে সারা বি"&"শ্বব্যাপী কিন্তু টিকার সংকট রয়েছে আপনি জানেন যে এখনো অনেক দেশ কিন্তু টিকার মুখই দেখে না ঠিকি ঠিক আছে এখানে পায় নাই আমাদের মত দেশ আমরা কিন্তু এ ব্যাপারে অনেক অগ্রগামী ছিলাম") -> আমরা শুনেছি যো সেটা হয়তো আজকে আগামীকাল থেকে বা আজকে থেকেই হয়তো হয় শুরু হয়েছে এই ঠিকাদার প্রক্রিয়াটি এভাবে যদি টিকা দেয়ার প্রক্রিয়া আবার নতুন করে শুরু করা যায় এবং এটা যদি অব্যাহত রাখা যায় আমরা টিকার যোগান যদি আমরা পাই তবে একটি বিষয় মনে রাখতে হবে যে সারা বিশ্বব্যাপী কিন্তু টিকার সংকট রয়েছে আপনি জানেন যে এখনো অনেক দেশ কিন্তু টিকার মুখই দেখে না ঠিকি ঠিক আছে এখানে পায় নাই আমাদের মত দেশ আমরা কিন্তু এ ব্যাপারে অনেক অগ্রগামী ছিলাম | D3: =IFERROR(__xludf.DUMMYFUNCTION("""COMPUTED_VALUE"""),"No") -> No | E3: =IFERROR(__xludf.DUMMYFUNCTION("""COMPUTED_VALUE"""),"No") -> No | F3: =IFERROR(__xludf.DUMMYFUNCTION("""COMPUTED_VALUE"""),"Yes") -> Yes | G3: =IFERROR(__xludf.DUMMYFUNCTION("""COMPUTED_VALUE"""),1.0) -> 1 | H3: =IFERROR(__xludf.DUMMYFUNCTION("""COMPUTED_VALUE"""),0.5) -> 0.5 | I3: =IFERROR(__xludf.DUMMYFUNCTION("""COMPUTED_VALUE"""),1.0) -> 1 | J3: =IFERROR(__xludf.DUMMYFUNCTION("""COMPUTED_VALUE"""),0.5) -> 0.5 | K3: =IFERROR(__xludf.DUMMYFUNCTION("""COMPUTED_VALUE"""),"4– Usable, minor flaws Minor background noise.") -> 4– Usable, minor flaws Minor background noise. | L3: =IFERROR(__xludf.DUMMYFUNCTION("""COMPUTED_VALUE"""),"No") -> No
A4: =IFERROR(__xludf.DUMMYFUNCTION("""COMPUTED_VALUE"""),"collect\read\YouTube\Bangladesh Television (BTV)\__yFg8a8Zb4\0537df13-c9ae-43da-9d40-b3a5ae3c7df1.flac") -> collect\read\YouTube\Bangladesh Television (BTV)\__yFg8a8Zb4\0537df13-c9ae-43da-9d40-b3a5ae3c7df1.flac | B4: =IFERROR(__xludf.DUMMYFUNCTION("""COMPUTED_VALUE"""),30.0) -> 30 | C4: =IFERROR(__xludf.DUMMYFUNCTION("""COMPUTED_VALUE"""),"বারবার বলেছিেন বিশ্ববাসীকে পৃথিবীতে কেউ একা বাঁচতে পারবে না সবাইকে নিয়ে বাঁচতে হবে সেই ক্ষেত্রে এই যে আপনার এই মেদাস্বত্ব আইনের যে জটিলতা সেটাকে আপনি কিভাবে দেখছেন আপনি যদি তিকি দুটো বাক্য শেষ করেন আমি হস্নে সকবা যদি উমি বিশেষ পরিস্থিতির কথা যদি বলি করোনা"&"র মতো এটাতে সারা পৃথিবীর মানুষ এখানে আমি কোনো মালিকানাসক্ত মেধা") -> বারবার বলেছিেন বিশ্ববাসীকে পৃথিবীতে কেউ একা বাঁচতে পারবে না সবাইকে নিয়ে বাঁচতে হবে সেই ক্ষেত্রে এই যে আপনার এই মেদাস্বত্ব আইনের যে জটিলতা সেটাকে আপনি কিভাবে দেখছেন আপনি যদি তিকি দুটো বাক্য শেষ করেন আমি হস্নে সকবা যদি উমি বিশেষ পরিস্থিতির কথা যদি বলি করোনার মতো এটাতে সারা পৃথিবীর মানুষ এখানে আমি কোনো মালিকানাসক্ত মেধা | D4: =IFERROR(__xludf.DUMMYFUNCTION("""COMPUTED_VALUE"""),"No") -> No | E4: =IFERROR(__xludf.DUMMYFUNCTION("""COMPUTED_VALUE"""),"Yes") -> Yes | F4: =IFERROR(__xludf.DUMMYFUNCTION("""COMPUTED_VALUE"""),"Yes") -> Yes | G4: =IFERROR(__xludf.DUMMYFUNCTION("""COMPUTED_VALUE"""),0.5) -> 0.5 | H4: =IFERROR(__xludf.DUMMYFUNCTION("""COMPUTED_VALUE"""),0.5) -> 0.5 | I4: =IFERROR(__xludf.DUMMYFUNCTION("""COMPUTED_VALUE"""),1.0) -> 1 | J4: =IFERROR(__xludf.DUMMYFUNCTION("""COMPUTED_VALUE"""),0.5) -> 0.5 | K4: =IFERROR(__xludf.DUMMYFUNCTION("""COMPUTED_VALUE"""),"2 - Poor quality Noisy, unclear,") -> 2 - Poor quality Noisy, unclear, | L4: =IFERROR(__xludf.DUMMYFUNCTION("""COMPUTED_VALUE"""),"No") -> No
A5: =IFERROR(__xludf.DUMMYFUNCTION("""COMPUTED_VALUE"""),"collect\read\YouTube\Bangladesh Television (BTV)\__yFg8a8Zb4\0bcedcfb-9679-4453-9c15-02688996cb63.flac") -> collect\read\YouTube\Bangladesh Television (BTV)\__yFg8a8Zb4\0bcedcfb-9679-4453-9c15-02688996cb63.flac | B5: =IFERROR(__xludf.DUMMYFUNCTION("""COMPUTED_VALUE"""),30.0) -> 30 | C5: =IFERROR(__xludf.DUMMYFUNCTION("""COMPUTED_VALUE"""),"হাস সেটাকে আমি কখনোই সমর্থন করিন করতে পারিনি এবং এটা বং সারা পৃথিবীতে মানবতাবাদী মানুষ কেউ সমর্থন অবশ্যই অবশ্য ইসমাইল খান আমিক শেষ পর্যায়ে আপনার কাছে জানতে চাই যে ট্রেড রিডেটেড আস্পেক্ট অ ইন্টেলেকচুয়াল প্রপার্টি রাইটস এই যে টিটসের কথাও আমি বলি তার কাউন্সি"&"ল পর্যন্ত এখনো পর্যন্ত আটকে আছে এই বিষয়টি আপনি খুব ভালো করে জানেন জে বাইডেন পর্যন্ত বেশ এক মাস চালিও বলেছে যে এই ব্যবস্থাপনা রোহিত করা দরকার কারণ মাননীয় প্রধানমন্ত্রী শেখ হাসিন") -> হাস সেটাকে আমি কখনোই সমর্থন করিন করতে পারিনি এবং এটা বং সারা পৃথিবীতে মানবতাবাদী মানুষ কেউ সমর্থন অবশ্যই অবশ্য ইসমাইল খান আমিক শেষ পর্যায়ে আপনার কাছে জানতে চাই যে ট্রেড রিডেটেড আস্পেক্ট অ ইন্টেলেকচুয়াল প্রপার্টি রাইটস এই যে টিটসের কথাও আমি বলি তার কাউন্সিল পর্যন্ত এখনো পর্যন্ত আটকে আছে এই বিষয়টি আপনি খুব ভালো করে জানেন জে বাইডেন পর্যন্ত বেশ এক মাস চালিও বলেছে যে এই ব্যবস্থাপনা রোহিত করা দরকার কারণ মাননীয় প্রধানমন্ত্রী শেখ হাসিন | D5: =IFERROR(__xludf.DUMMYFUNCTION("""COMPUTED_VALUE"""),"No") -> No | E5: =IFERROR(__xludf.DUMMYFUNCTION("""COMPUTED_VALUE"""),"Yes") -> Yes | F5: =IFERROR(__xludf.DUMMYFUNCTION("""COMPUTED_VALUE"""),"Yes") -> Yes | G5: =IFERROR(__xludf.DUMMYFUNCTION("""COMPUTED_VALUE"""),0.5) -> 0.5 | H5: =IFERROR(__xludf.DUMMYFUNCTION("""COMPUTED_VALUE"""),0.5) -> 0.5 | I5: =IFERROR(__xludf.DUMMYFUNCTION("""COMPUTED_VALUE"""),1.0) -> 1 | J5: =IFERROR(__xludf.DUMMYFUNCTION("""COMPUTED_VALUE"""),0.5) -> 0.5 | K5: =IFERROR(__xludf.DUMMYFUNCTION("""COMPUTED_VALUE"""),"3 – Mixed language or inconsistent quality") -> 3 – Mixed language or inconsistent quality | L5: =IFERROR(__xludf.DUMMYFUNCTION("""COMPUTED_VALUE"""),"Yes") -> Yes
A6: =IFERROR(__xludf.DUMMYFUNCTION("""COMPUTED_VALUE"""),"collect\read\YouTube\Bangladesh Television (BTV)\__yFg8a8Zb4\0be0a534-0e6e-4bbc-88be-4a62d2ac36af.flac") -> collect\read\YouTube\Bangladesh Television (BTV)\__yFg8a8Zb4\0be0a534-0e6e-4bbc-88be-4a62d2ac36af.flac | B6: =IFERROR(__xludf.DUMMYFUNCTION("""COMPUTED_VALUE"""),30.0) -> 30 | C6: =IFERROR(__xludf.DUMMYFUNCTION("""COMPUTED_VALUE"""),"ভাবী আমি ছাতে বছব যে তখন সাত্থের একজন মানুষ কভাবে এগিয়ে যাচ্ছেন আপনি এমডিযে কথা বলেছেন এমডিজে আটটা গোলের মধ্যে তিনটা গোলেই স্প্রুসিভলি আমাদের ছাত্র বিষয়ক রেটেড ছিল শিছু মৃত্যুহার কমানো মাতি মৃত্যু হার কমানো এবং মাি শাস্ত্র সমনত রাখা এবং ইনফ্েকটার ডিজিস যে"&"গুলো সারাবে এই বইের কন্ট্রোল করা এতিনটাতেই বাংলাদেশ আমাদের সান") -> ভাবী আমি ছাতে বছব যে তখন সাত্থের একজন মানুষ কভাবে এগিয়ে যাচ্ছেন আপনি এমডিযে কথা বলেছেন এমডিজে আটটা গোলের মধ্যে তিনটা গোলেই স্প্রুসিভলি আমাদের ছাত্র বিষয়ক রেটেড ছিল শিছু মৃত্যুহার কমানো মাতি মৃত্যু হার কমানো এবং মাি শাস্ত্র সমনত রাখা এবং ইনফ্েকটার ডিজিস যেগুলো সারাবে এই বইের কন্ট্রোল করা এতিনটাতেই বাংলাদেশ আমাদের সান | D6: =IFERROR(__xludf.DUMMYFUNCTION("""COMPUTED_VALUE"""),"No") -> No | E6: =IFERROR(__xludf.DUMMYFUNCTION("""COMPUTED_VALUE"""),"Yes") -> Yes | F6: =IFERROR(__xludf.DUMMYFUNCTION("""COMPUTED_VALUE"""),"Yes") -> Yes | G6: =IFERROR(__xludf.DUMMYFUNCTION("""COMPUTED_VALUE"""),0.5) -> 0.5 | H6: =IFERROR(__xludf.DUMMYFUNCTION("""COMPUTED_VALUE"""),0.5) -> 0.5 | I6: =IFERROR(__xludf.DUMMYFUNCTION("""COMPUTED_VALUE"""),1.0) -> 1 | J6: =IFERROR(__xludf.DUMMYFUNCTION("""COMPUTED_VALUE"""),0.5) -> 0.5 | K6: =IFERROR(__xludf.DUMMYFUNCTION("""COMPUTED_VALUE"""),"4– Usable, minor flaws Minor background noise.") -> 4– Usable, minor flaws Minor background noise. | L6: =IFERROR(__xludf.DUMMYFUNCTION("""COMPUTED_VALUE"""),"No") -> No
A7: =IFERROR(__xludf.DUMMYFUNCTION("""COMPUTED_VALUE"""),"collect\read\YouTube\Bangladesh Television (BTV)\__yFg8a8Zb4\0efe9120-ec50-4b37-b01a-4739cd0d63a9.flac") -> collect\read\YouTube\Bangladesh Television (BTV)\__yFg8a8Zb4\0efe9120-ec50-4b37-b01a-4739cd0d63a9.flac | B7: =IFERROR(__xludf.DUMMYFUNCTION("""COMPUTED_VALUE"""),30.0) -> 30 | C7: =IFERROR(__xludf.DUMMYFUNCTION("""COMPUTED_VALUE"""),"সেইক্ষেত্রে কিন্তু সবাই বলছেন আমিজাস্ট একটু এড করি সেটা তো অবশ্য একদিক থেকে ইকুইটির দিক থেকে চিন্তা করতে গেলে অবশ্যই আমরা মানে এটাকে রাইট হিসেবে আমাদের পাশটেক টিক থেকে এটা আমরা অবশ্যই রাইট বলে মনে করি যে এটিফার পেটেন্ট প্রাইট উন্মুক্ত করে দেয়া হোক এবং মান"&"ে দরিদ্র দেশগুলো যাদের সেই বিলিয়ন বিলিয়ন ডলার ইনভেস্ট করার ক্যাপাসিটি নায় তারাও যেন সেটারই পায় আমার আমার মনে হয় যে এদিকে মাননীয় প্রধানমন্ত্রীর যেই নেতৃত্ব এবং উনি যে যেভাবে উনি এটাকে পেশারাইজ করছেন আমার মনে হয় যে সেটা মানে আমাদের জন্য খুবই একটা") -> সেইক্ষেত্রে কিন্তু সবাই বলছেন আমিজাস্ট একটু এড করি সেটা তো অবশ্য একদিক থেকে ইকুইটির দিক থেকে চিন্তা করতে গেলে অবশ্যই আমরা মানে এটাকে রাইট হিসেবে আমাদের পাশটেক টিক থেকে এটা আমরা অবশ্যই রাইট বলে মনে করি যে এটিফার পেটেন্ট প্রাইট উন্মুক্ত করে দেয়া হোক এবং মানে দরিদ্র দেশগুলো যাদের সেই বিলিয়ন বিলিয়ন ডলার ইনভেস্ট করার ক্যাপাসিটি নায় তারাও যেন সেটারই পায় আমার আমার মনে হয় যে এদিকে মাননীয় প্রধানমন্ত্রীর যেই নেতৃত্ব এবং উনি যে যেভাবে উনি এটাকে পেশারাইজ করছেন আমার মনে হয় যে সেটা মানে আমাদের জন্য খুবই একটা | D7: =IFERROR(__xludf.DUMMYFUNCTION("""COMPUTED_VALUE"""),"No") -> No | E7: =IFERROR(__xludf.DUMMYFUNCTION("""COMPUTED_VALUE"""),"Yes") -> Yes | F7: =IFERROR(__xludf.DUMMYFUNCTION("""COMPUTED_VALUE"""),"Yes") -> Yes | G7: =IFERROR(__xludf.DUMMYFUNCTION("""COMPUTED_VALUE"""),0.5) -> 0.5 | H7: =IFERROR(__xludf.DUMMYFUNCTION("""COMPUTED_VALUE"""),0.5) -> 0.5 | I7: =IFERROR(__xludf.DUMMYFUNCTION("""COMPUTED_VALUE"""),0.5) -> 0.5 | J7: =IFERROR(__xludf.DUMMYFUNCTION("""COMPUTED_VALUE"""),0.5) -> 0.5 | K7: =IFERROR(__xludf.DUMMYFUNCTION("""COMPUTED_VALUE"""),"4– Usable, minor flaws Minor background noise.") -> 4– Usable, minor flaws Minor background noise. | L7: =IFERROR(__xludf.DUMMYFUNCTION("""COMPUTED_VALUE"""),"No") -> No
A8: =IFERROR(__xludf.DUMMYFUNCTION("""COMPUTED_VALUE"""),"collect\read\YouTube\Bangladesh Television (BTV)\__yFg8a8Zb4\14ccc579-631a-4976-88c9-1ca861f27432.flac") -> collect\read\YouTube\Bangladesh Television (BTV)\__yFg8a8Zb4\14ccc579-631a-4976-88c9-1ca861f27432.flac | B8: =IFERROR(__xludf.DUMMYFUNCTION("""COMPUTED_VALUE"""),30.0) -> 30 | C8: =IFERROR(__xludf.DUMMYFUNCTION("""COMPUTED_VALUE"""),"বলে আমরা কিন্তু অনেক ভালো অবস্থা আছি আমাদের এখানে করোনা ব্যবস্থাপনা প্রথম দিকে হয়তো একটু সমস্যা আমাদের ছিল কিন্তু পরবর্তীতে কিন্তু আমাদের সীমিত সামর্থ্য নিয়েও আমরা কিন্তু যেমন ভাবে এগিয়ে যাচ্ছি মাননীয় প্রধানমন্ত্রীর নেতৃত্বে সেটা কিন্তু অবশ্যই সারা বিশ্ব "&"বিশ্বব্যাপী ভূয়সী প্রশংসিত হয়েছে এবং আমরা তার ফল পাচ্ছি তো মাননীয় প্রধানমন্ত্রী যে কথাটি সংসদে বলেছেন যে আমাদের করোনা ব্যবস্থাপনায় স্বাস্থ্যবিধি মেনে চলা এই কথাটি কিন্তু আমাদেরকে অক্ষর অক্ষর পালন পার্লন যদি") -> বলে আমরা কিন্তু অনেক ভালো অবস্থা আছি আমাদের এখানে করোনা ব্যবস্থাপনা প্রথম দিকে হয়তো একটু সমস্যা আমাদের ছিল কিন্তু পরবর্তীতে কিন্তু আমাদের সীমিত সামর্থ্য নিয়েও আমরা কিন্তু যেমন ভাবে এগিয়ে যাচ্ছি মাননীয় প্রধানমন্ত্রীর নেতৃত্বে সেটা কিন্তু অবশ্যই সারা বিশ্ব বিশ্বব্যাপী ভূয়সী প্রশংসিত হয়েছে এবং আমরা তার ফল পাচ্ছি তো মাননীয় প্রধানমন্ত্রী যে কথাটি সংসদে বলেছেন যে আমাদের করোনা ব্যবস্থাপনায় স্বাস্থ্যবিধি মেনে চলা এই কথাটি কিন্তু আমাদেরকে অক্ষর অক্ষর পালন পার্লন যদি | D8: =IFERROR(__xludf.DUMMYFUNCTION("""COMPUTED_VALUE"""),"Yes") -> Yes | E8: =IFERROR(__xludf.DUMMYFUNCTION("""COMPUTED_VALUE"""),"No") -> No | F8: =IFERROR(__xludf.DUMMYFUNCTION("""COMPUTED_VALUE"""),"No") -> No | G8: =IFERROR(__xludf.DUMMYFUNCTION("""COMPUTED_VALUE"""),1.0) -> 1 | H8: =IFERROR(__xludf.DUMMYFUNCTION("""COMPUTED_VALUE"""),1.0) -> 1 | I8: =IFERROR(__xludf.DUMMYFUNCTION("""COMPUTED_VALUE"""),1.0) -> 1 | J8: =IFERROR(__xludf.DUMMYFUNCTION("""COMPUTED_VALUE"""),1.0) -> 1 | K8: =IFERROR(__xludf.DUMMYFUNCTION("""COMPUTED_VALUE"""),"4– Usable, minor flaws Minor background noise.") -> 4– Usable, minor flaws Minor background noise. | L8: =IFERROR(__xludf.DUMMYFUNCTION("""COMPUTED_VALUE"""),"No") -> No
A9: =IFERROR(__xludf.DUMMYFUNCTION("""COMPUTED_VALUE"""),"collect\read\YouTube\Bangladesh Television (BTV)\__yFg8a8Zb4\1e60b7f8-1be0-472d-9f0a-1c3bcc6e526f.flac") -> collect\read\YouTube\Bangladesh Television (BTV)\__yFg8a8Zb4\1e60b7f8-1be0-472d-9f0a-1c3bcc6e526f.flac | B9: =IFERROR(__xludf.DUMMYFUNCTION("""COMPUTED_VALUE"""),30.0) -> 30 | C9: =IFERROR(__xludf.DUMMYFUNCTION("""COMPUTED_VALUE"""),"সেই আলোচনা আমরা আসবো অধ্যাপক ইসমাইল খান গত পঁশচ সাতক্ষীরাতে সংক্রমণের হার ছিল তিপ্পান্ন দশমিক এক নয় শতাংশ তা আমরা যদি বলছি সীমান্ত লাগোয়ার যে ব্যাপারটি বলছি আপনি একটা বিশ্লেষণ চমৎকার করেছেন যে আমর তারাতো যদি সংক্রমণ কম হয়ে থাকে আর ওই চাঁপাইনবাবগঞ্জের লাগ"&"োয়া রাজ্যে ভারতের যে রাজ্য খেরাপ যদি সংক্রমণ") -> সেই আলোচনা আমরা আসবো অধ্যাপক ইসমাইল খান গত পঁশচ সাতক্ষীরাতে সংক্রমণের হার ছিল তিপ্পান্ন দশমিক এক নয় শতাংশ তা আমরা যদি বলছি সীমান্ত লাগোয়ার যে ব্যাপারটি বলছি আপনি একটা বিশ্লেষণ চমৎকার করেছেন যে আমর তারাতো যদি সংক্রমণ কম হয়ে থাকে আর ওই চাঁপাইনবাবগঞ্জের লাগোয়া রাজ্যে ভারতের যে রাজ্য খেরাপ যদি সংক্রমণ | D9: =IFERROR(__xludf.DUMMYFUNCTION("""COMPUTED_VALUE"""),"No") -> No | E9: =IFERROR(__xludf.DUMMYFUNCTION("""COMPUTED_VALUE"""),"No") -> No | F9: =IFERROR(__xludf.DUMMYFUNCTION("""COMPUTED_VALUE"""),"Yes") -> Yes | G9: =IFERROR(__xludf.DUMMYFUNCTION("""COMPUTED_VALUE"""),1.0) -> 1 | H9: =IFERROR(__xludf.DUMMYFUNCTION("""COMPUTED_VALUE"""),0.5) -> 0.5 | I9: =IFERROR(__xludf.DUMMYFUNCTION("""COMPUTED_VALUE"""),1.0) -> 1 | J9: =IFERROR(__xludf.DUMMYFUNCTION("""COMPUTED_VALUE"""),1.0) -> 1 | K9: =IFERROR(__xludf.DUMMYFUNCTION("""COMPUTED_VALUE"""),"4– Usable, minor flaws Minor background noise.") -> 4– Usable, minor flaws Minor background noise. | L9: =IFERROR(__xludf.DUMMYFUNCTION("""COMPUTED_VALUE"""),"No") -> No
A10: =IFERROR(__xludf.DUMMYFUNCTION("""COMPUTED_VALUE"""),"collect\read\YouTube\Bangladesh Television (BTV)\__yFg8a8Zb4\2cb5aceb-cb8e-46c9-b56e-acc70f034da1.flac") -> collect\read\YouTube\Bangladesh Television (BTV)\__yFg8a8Zb4\2cb5aceb-cb8e-46c9-b56e-acc70f034da1.flac | B10: =IFERROR(__xludf.DUMMYFUNCTION("""COMPUTED_VALUE"""),30.0) -> 30 | C10: =IFERROR(__xludf.DUMMYFUNCTION("""COMPUTED_VALUE"""),"না করি তাহলে কিন্তু আমাদের অনেক সামনে অনেক বিপদ আসতে পারে কারণ আপনি জানেন যে বর্তমানে যে ইন্ডিয়ান ভ্যারিয়েন্ট আমাদের এখানে এসেছে সে ইন্ডিয়ান ভ্যারিয়েন্টের কারণে আমাদের পেরিফারি থেকে শুরু করে কিন্তু একটা ঢাকার দিকে আসতে আস্তে আস্তে করে তো এক্ষেত্রে আমরা আগ"&"ে থেকেই জানি যে স্বাস্থ্যবিধি মেইন্টেন করার ব্যাপার আমাদের ভিতরে কিন্তু উদাসীনতা আছে মাননীয় প্রধানমন্ত্রী বারংবার যখনই কথা বলেছেন তখনই কিন্তু এই বিষয়টির উপর গুরুত্ব দিয়েছেন কিন্তু আমাদের জনগণকে কিন্তু আমরা সেটা সেভাবে কিন্তু আমরা আ স্বাস্থ্যবিধি মানার ব্য"&"াপারে") -> না করি তাহলে কিন্তু আমাদের অনেক সামনে অনেক বিপদ আসতে পারে কারণ আপনি জানেন যে বর্তমানে যে ইন্ডিয়ান ভ্যারিয়েন্ট আমাদের এখানে এসেছে সে ইন্ডিয়ান ভ্যারিয়েন্টের কারণে আমাদের পেরিফারি থেকে শুরু করে কিন্তু একটা ঢাকার দিকে আসতে আস্তে আস্তে করে তো এক্ষেত্রে আমরা আগে থেকেই জানি যে স্বাস্থ্যবিধি মেইন্টেন করার ব্যাপার আমাদের ভিতরে কিন্তু উদাসীনতা আছে মাননীয় প্রধানমন্ত্রী বারংবার যখনই কথা বলেছেন তখনই কিন্তু এই বিষয়টির উপর গুরুত্ব দিয়েছেন কিন্তু আমাদের জনগণকে কিন্তু আমরা সেটা সেভাবে কিন্তু আমরা আ স্বাস্থ্যবিধি মানার ব্যাপারে | D10: =IFERROR(__xludf.DUMMYFUNCTION("""COMPUTED_VALUE"""),"No") -> No | E10: =IFERROR(__xludf.DUMMYFUNCTION("""COMPUTED_VALUE"""),"Yes") -> Yes | F10: =IFERROR(__xludf.DUMMYFUNCTION("""COMPUTED_VALUE"""),"Yes") -> Yes | G10: =IFERROR(__xludf.DUMMYFUNCTION("""COMPUTED_VALUE"""),0.5) -> 0.5 | H10: =IFERROR(__xludf.DUMMYFUNCTION("""COMPUTED_VALUE"""),0.5) -> 0.5 | I10: =IFERROR(__xludf.DUMMYFUNCTION("""COMPUTED_VALUE"""),1.0) -> 1 | J10: =IFERROR(__xludf.DUMMYFUNCTION("""COMPUTED_VALUE"""),0.5) -> 0.5 | K10: =IFERROR(__xludf.DUMMYFUNCTION("""COMPUTED_VALUE"""),"4– Usable, minor flaws Minor background noise.") -> 4– Usable, minor flaws Minor background noise. | L10: =IFERROR(__xludf.DUMMYFUNCTION("""COMPUTED_VALUE"""),"No") -> No
A11: =IFERROR(__xludf.DUMMYFUNCTION("""COMPUTED_VALUE"""),"collect\read\YouTube\Bangladesh Television (BTV)\__yFg8a8Zb4\2e92e8dd-747f-4132-840d-53d505fed6a5.flac") -> collect\read\YouTube\Bangladesh Television (BTV)\__yFg8a8Zb4\2e92e8dd-747f-4132-840d-53d505fed6a5.flac | B11: =IFERROR(__xludf.DUMMYFUNCTION("""COMPUTED_VALUE"""),30.0) -> 30 | C11: =IFERROR(__xludf.DUMMYFUNCTION("""COMPUTED_VALUE"""),"মানে রিসেন্টকে রিট্রেক্ট করতে হয়েছে তাদের এ বিশ্ব সংস্থা থেকে বলেছে যে এই পিতাগুলো তারা ফিরিয়ে নিত এখন এই যে তারা রিস্ট নিল ধনী দেশগুলো বা উন্নত দেশগুলো যে রিস্ট নিল এটাকে তো তারা তাদের তো এটা রাইট আছে আমি আমি এই পাঁচ প্রেক্রিট থেকে দেখতে চাই যে তাদের অবশ"&"্যই রাইট আছে ডিফিশান নেয়া যে তারা এটাকে কি করবে কি ড সদ্দিকে এখন রিশ্বে যখন মহামারী ছড়ে যায়েই তখন সরশিষ্ট নাগরিকত্ সকলেরই অধিকার আছে তার জীবন বাঁচানোর") -> মানে রিসেন্টকে রিট্রেক্ট করতে হয়েছে তাদের এ বিশ্ব সংস্থা থেকে বলেছে যে এই পিতাগুলো তারা ফিরিয়ে নিত এখন এই যে তারা রিস্ট নিল ধনী দেশগুলো বা উন্নত দেশগুলো যে রিস্ট নিল এটাকে তো তারা তাদের তো এটা রাইট আছে আমি আমি এই পাঁচ প্রেক্রিট থেকে দেখতে চাই যে তাদের অবশ্যই রাইট আছে ডিফিশান নেয়া যে তারা এটাকে কি করবে কি ড সদ্দিকে এখন রিশ্বে যখন মহামারী ছড়ে যায়েই তখন সরশিষ্ট নাগরিকত্ সকলেরই অধিকার আছে তার জীবন বাঁচানোর | D11: =IFERROR(__xludf.DUMMYFUNCTION("""COMPUTED_VALUE"""),"No") -> No | E11: =IFERROR(__xludf.DUMMYFUNCTION("""COMPUTED_VALUE"""),"Yes") -> Yes | F11: =IFERROR(__xludf.DUMMYFUNCTION("""COMPUTED_VALUE"""),"Yes") -> Yes | G11: =IFERROR(__xludf.DUMMYFUNCTION("""COMPUTED_VALUE"""),0.5) -> 0.5 | H11: =IFERROR(__xludf.DUMMYFUNCTION("""COMPUTED_VALUE"""),0.5) -> 0.5 | I11: =IFERROR(__xludf.DUMMYFUNCTION("""COMPUTED_VALUE"""),0.5) -> 0.5 | J11: =IFERROR(__xludf.DUMMYFUNCTION("""COMPUTED_VALUE"""),0.5) -> 0.5 | K11: =IFERROR(__xludf.DUMMYFUNCTION("""COMPUTED_VALUE"""),"4– Usable, minor flaws Minor background noise.") -> 4– Usable, minor flaws Minor background noise. | L11: =IFERROR(__xludf.DUMMYFUNCTION("""COMPUTED_VALUE"""),"No") -> No
A12: =IFERROR(__xludf.DUMMYFUNCTION("""COMPUTED_VALUE"""),"collect\read\YouTube\Bangladesh Television (BTV)\__yFg8a8Zb4\2e9f155a-24ef-4f76-b008-33dcfeeca3e4.flac") -> collect\read\YouTube\Bangladesh Television (BTV)\__yFg8a8Zb4\2e9f155a-24ef-4f76-b008-33dcfeeca3e4.flac | B12: =IFERROR(__xludf.DUMMYFUNCTION("""COMPUTED_VALUE"""),30.0) -> 30 | C12: =IFERROR(__xludf.DUMMYFUNCTION("""COMPUTED_VALUE"""),"আইনকে ছাড় দিতে হবে এবং কারিগরি যে জ্ঞান সেই জ্ঞানকে আমাদের সবার কাজে লাগাতে হবে এবং তাহলে বাংলাদেশ ভ্যাকসিন উৎপাদনে অবশ্য সক্ষম একটি জাতি এটা কোনো মালিকানা থাকতে পারবে না এখন জুইসেভেন্ড মক্ত দেশগুলোর নেতৃবৃন্দ কন্তু তার সুরে সু মুলাচ্ছেন পতিক কিন্তু দুঃখক"&"োন ঘটনা ডক্তার মাহবুব সিদ্দিকীও বলবেন প্রফেসর রহমানে বলবেন যে সারা পৃথিবীতে এখনো পর্যন্ত মাত্র তেরো শতাংশ কি চৌদ্দ শতাংশ") -> আইনকে ছাড় দিতে হবে এবং কারিগরি যে জ্ঞান সেই জ্ঞানকে আমাদের সবার কাজে লাগাতে হবে এবং তাহলে বাংলাদেশ ভ্যাকসিন উৎপাদনে অবশ্য সক্ষম একটি জাতি এটা কোনো মালিকানা থাকতে পারবে না এখন জুইসেভেন্ড মক্ত দেশগুলোর নেতৃবৃন্দ কন্তু তার সুরে সু মুলাচ্ছেন পতিক কিন্তু দুঃখকোন ঘটনা ডক্তার মাহবুব সিদ্দিকীও বলবেন প্রফেসর রহমানে বলবেন যে সারা পৃথিবীতে এখনো পর্যন্ত মাত্র তেরো শতাংশ কি চৌদ্দ শতাংশ | D12: =IFERROR(__xludf.DUMMYFUNCTION("""COMPUTED_VALUE"""),"No") -> No | E12: =IFERROR(__xludf.DUMMYFUNCTION("""COMPUTED_VALUE"""),"Yes") -> Yes | F12: =IFERROR(__xludf.DUMMYFUNCTION("""COMPUTED_VALUE"""),"Yes") -> Yes | G12: =IFERROR(__xludf.DUMMYFUNCTION("""COMPUTED_VALUE"""),0.5) -> 0.5 | H12: =IFERROR(__xludf.DUMMYFUNCTION("""COMPUTED_VALUE"""),0.5) -> 0.5 | I12: =IFERROR(__xludf.DUMMYFUNCTION("""COMPUTED_VALUE"""),0.5) -> 0.5 | J12: =IFERROR(__xludf.DUMMYFUNCTION("""COMPUTED_VALUE"""),0.5) -> 0.5 | K12: =IFERROR(__xludf.DUMMYFUNCTION("""COMPUTED_VALUE"""),"4– Usable, minor flaws Minor background noise.") -> 4– Usable, minor flaws Minor background noise. | L12: =IFERROR(__xludf.DUMMYFUNCTION("""COMPUTED_VALUE"""),"No") -> No
A13: =IFERROR(__xludf.DUMMYFUNCTION("""COMPUTED_VALUE"""),"collect\read\YouTube\Bangladesh Television (BTV)\__yFg8a8Zb4\30ddb972-c5ef-4017-b585-0d0ba7e59950.flac") -> collect\read\YouTube\Bangladesh Television (BTV)\__yFg8a8Zb4\30ddb972-c5ef-4017-b585-0d0ba7e59950.flac | B13: =IFERROR(__xludf.DUMMYFUNCTION("""COMPUTED_VALUE"""),30.0) -> 30 | C13: =IFERROR(__xludf.DUMMYFUNCTION("""COMPUTED_VALUE"""),"এই কে মেতা পৃথিবী যেখানে যাই হোক না কেন এখানে ওই সবগুলো রোহিত করে পৃথিবীর সবাই যাতে বেঁচে থাকার ব্যাপারে এখানে ওইজ কোন বিপ্রণছি একজম হিউম্যানিস্টিক ভিউ থেকে আমি এটা টরম বিরুদ্ধী এবং যেটা বলছেন সেটা একদম এটা যাতে সারা পৃথিবীর মানুষ এই জিনিসটা এই অবস্থায় যা"&"তে আপনাকে অসকে ধন্যবাদ আে ধন্যবাদ আইতো প্রথান মুক্তি করেছে") -> এই কে মেতা পৃথিবী যেখানে যাই হোক না কেন এখানে ওই সবগুলো রোহিত করে পৃথিবীর সবাই যাতে বেঁচে থাকার ব্যাপারে এখানে ওইজ কোন বিপ্রণছি একজম হিউম্যানিস্টিক ভিউ থেকে আমি এটা টরম বিরুদ্ধী এবং যেটা বলছেন সেটা একদম এটা যাতে সারা পৃথিবীর মানুষ এই জিনিসটা এই অবস্থায় যাতে আপনাকে অসকে ধন্যবাদ আে ধন্যবাদ আইতো প্রথান মুক্তি করেছে | D13: =IFERROR(__xludf.DUMMYFUNCTION("""COMPUTED_VALUE"""),"No") -> No | E13: =IFERROR(__xludf.DUMMYFUNCTION("""COMPUTED_VALUE"""),"Yes") -> Yes | F13: =IFERROR(__xludf.DUMMYFUNCTION("""COMPUTED_VALUE"""),"Yes") -> Yes | G13: =IFERROR(__xludf.DUMMYFUNCTION("""COMPUTED_VALUE"""),0.5) -> 0.5 | H13: =IFERROR(__xludf.DUMMYFUNCTION("""COMPUTED_VALUE"""),0.5) -> 0.5 | I13: =IFERROR(__xludf.DUMMYFUNCTION("""COMPUTED_VALUE"""),0.5) -> 0.5 | J13: =IFERROR(__xludf.DUMMYFUNCTION("""COMPUTED_VALUE"""),0.5) -> 0.5 | K13: =IFERROR(__xludf.DUMMYFUNCTION("""COMPUTED_VALUE"""),"4– Usable, minor flaws Minor background noise.") -> 4– Usable, minor flaws Minor background noise. | L13: =IFERROR(__xludf.DUMMYFUNCTION("""COMPUTED_VALUE"""),"No") -> No
A14: =IFERROR(__xludf.DUMMYFUNCTION("""COMPUTED_VALUE"""),"collect\read\YouTube\Bangladesh Television (BTV)\__yFg8a8Zb4\33e4dee4-015c-40f8-9b56-1a03d2b290ac.flac") -> collect\read\YouTube\Bangladesh Television (BTV)\__yFg8a8Zb4\33e4dee4-015c-40f8-9b56-1a03d2b290ac.flac | B14: =IFERROR(__xludf.DUMMYFUNCTION("""COMPUTED_VALUE"""),30.0) -> 30 | C14: =IFERROR(__xludf.DUMMYFUNCTION("""COMPUTED_VALUE"""),"আপনার খেয়াল আছে নিশ্চয়ই বা দেশকয়েছে নিশ্চয়ই জানি যে যে ডায়রিয়ার ওষুধ ওষুধ হিসেবে আমরা খাবার স্যালাইন খাওয়ানো এবং সিমপলি টয়লেট করার পরে হাত ধোয়া এই জিনিসটা শেখাতে কিন্তু আমাদের রাষ্ট্রযন্ত্র যতটুকু আছে মিডিয়ার পুরো সবসমন্বিত উদ্যোগ নিয়েও কিন্তু আমাদের প্রা"&"য় এক দুই দশক লেগে গিয়েছে এই এই জিনিসটা মানুষকে বোঝাতে যে টয়লেটের পরে হাত ধুতে হয় সেই জায়গায় যে যখন কেমি পিপায়ার ছিল না সেখানে হঠাৎ করে করোনার মতো একটা পেন্ডেমিক আসলো হয়তো এর") -> আপনার খেয়াল আছে নিশ্চয়ই বা দেশকয়েছে নিশ্চয়ই জানি যে যে ডায়রিয়ার ওষুধ ওষুধ হিসেবে আমরা খাবার স্যালাইন খাওয়ানো এবং সিমপলি টয়লেট করার পরে হাত ধোয়া এই জিনিসটা শেখাতে কিন্তু আমাদের রাষ্ট্রযন্ত্র যতটুকু আছে মিডিয়ার পুরো সবসমন্বিত উদ্যোগ নিয়েও কিন্তু আমাদের প্রায় এক দুই দশক লেগে গিয়েছে এই এই জিনিসটা মানুষকে বোঝাতে যে টয়লেটের পরে হাত ধুতে হয় সেই জায়গায় যে যখন কেমি পিপায়ার ছিল না সেখানে হঠাৎ করে করোনার মতো একটা পেন্ডেমিক আসলো হয়তো এর | D14: =IFERROR(__xludf.DUMMYFUNCTION("""COMPUTED_VALUE"""),"No") -> No | E14: =IFERROR(__xludf.DUMMYFUNCTION("""COMPUTED_VALUE"""),"Yes") -> Yes | F14: =IFERROR(__xludf.DUMMYFUNCTION("""COMPUTED_VALUE"""),"Yes") -> Yes | G14: =IFERROR(__xludf.DUMMYFUNCTION("""COMPUTED_VALUE"""),0.5) -> 0.5 | H14: =IFERROR(__xludf.DUMMYFUNCTION("""COMPUTED_VALUE"""),0.5) -> 0.5 | I14: =IFERROR(__xludf.DUMMYFUNCTION("""COMPUTED_VALUE"""),0.5) -> 0.5 | J14: =IFERROR(__xludf.DUMMYFUNCTION("""COMPUTED_VALUE"""),0.5) -> 0.5 | K14: =IFERROR(__xludf.DUMMYFUNCTION("""COMPUTED_VALUE"""),"4– Usable, minor flaws Minor background noise.") -> 4– Usable, minor flaws Minor background noise. | L14: =IFERROR(__xludf.DUMMYFUNCTION("""COMPUTED_VALUE"""),"No") -> No
A15: =IFERROR(__xludf.DUMMYFUNCTION("""COMPUTED_VALUE"""),"collect\read\YouTube\Bangladesh Television (BTV)\__yFg8a8Zb4\3691c46f-2183-4896-afef-5252e1be60a6.flac") -> collect\read\YouTube\Bangladesh Television (BTV)\__yFg8a8Zb4\3691c46f-2183-4896-afef-5252e1be60a6.flac | B15: =IFERROR(__xludf.DUMMYFUNCTION("""COMPUTED_VALUE"""),30.0) -> 30 | C15: =IFERROR(__xludf.DUMMYFUNCTION("""COMPUTED_VALUE"""),"ব্যাপারে আপনার বিশ্বেষণটে কি আমরা কেন পারছি না এই দুরত্ব বিধিমানা কিংবা সং্গনিরধ বাস্তবায়ন করা ইটোয়া ব্যা পারে আপনার অভিমতটা কি একজন অণুজীব বিজ্ঞানী হিসেবে জি থ্যাংক ইউ আমাকে কি শোনা যাচ্ছে এখন আছে ঠিক আছে ধন্যবাদ তার প্রথম কথা হচ্ছে যে আমাদের দেশের যে চ্"&"যালেঞ্জ স্বাস্থ্য ব্যবস্থার যে মানে পলিসিগুলো আছে এগলে ইমপ্লিমেন্টেশনটা কিন্তু আমাদের চেয়ে চ্যালেঞ্জটা একটু রিফ্রেন্ টাইপে যেমন আপনি খেয়াল করে দেখবেন যে বাংলাদেশ") -> ব্যাপারে আপনার বিশ্বেষণটে কি আমরা কেন পারছি না এই দুরত্ব বিধিমানা কিংবা সং্গনিরধ বাস্তবায়ন করা ইটোয়া ব্যা পারে আপনার অভিমতটা কি একজন অণুজীব বিজ্ঞানী হিসেবে জি থ্যাংক ইউ আমাকে কি শোনা যাচ্ছে এখন আছে ঠিক আছে ধন্যবাদ তার প্রথম কথা হচ্ছে যে আমাদের দেশের যে চ্যালেঞ্জ স্বাস্থ্য ব্যবস্থার যে মানে পলিসিগুলো আছে এগলে ইমপ্লিমেন্টেশনটা কিন্তু আমাদের চেয়ে চ্যালেঞ্জটা একটু রিফ্রেন্ টাইপে যেমন আপনি খেয়াল করে দেখবেন যে বাংলাদেশ | D15: =IFERROR(__xludf.DUMMYFUNCTION("""COMPUTED_VALUE"""),"No") -> No | E15: =IFERROR(__xludf.DUMMYFUNCTION("""COMPUTED_VALUE"""),"Yes") -> Yes | F15: =IFERROR(__xludf.DUMMYFUNCTION("""COMPUTED_VALUE"""),"Yes") -> Yes | G15: =IFERROR(__xludf.DUMMYFUNCTION("""COMPUTED_VALUE"""),0.5) -> 0.5 | H15: =IFERROR(__xludf.DUMMYFUNCTION("""COMPUTED_VALUE"""),0.5) -> 0.5 | I15: =IFERROR(__xludf.DUMMYFUNCTION("""COMPUTED_VALUE"""),1.0) -> 1 | J15: =IFERROR(__xludf.DUMMYFUNCTION("""COMPUTED_VALUE"""),0.5) -> 0.5 | K15: =IFERROR(__xludf.DUMMYFUNCTION("""COMPUTED_VALUE"""),"4– Usable, minor flaws Minor background noise.") -> 4– Usable, minor flaws Minor background noise. | L15: =IFERROR(__xludf.DUMMYFUNCTION("""COMPUTED_VALUE"""),"No") -> No
A16: =IFERROR(__xludf.DUMMYFUNCTION("""COMPUTED_VALUE"""),"collect\read\YouTube\Bangladesh Television (BTV)\__yFg8a8Zb4\37038c53-54e3-4e9b-a906-4418719f49a7.flac") -> collect\read\YouTube\Bangladesh Television (BTV)\__yFg8a8Zb4\37038c53-54e3-4e9b-a906-4418719f49a7.flac | B16: =IFERROR(__xludf.DUMMYFUNCTION("""COMPUTED_VALUE"""),30.0) -> 30 | C16: =IFERROR(__xludf.DUMMYFUNCTION("""COMPUTED_VALUE"""),"ব বারবার মনুর পর্তমান বলেছেন এক্সিলিচিয়ান প্রিটমেন্ট বা জাট সুটি হোক না কেন আমরা যে বিধিবিধান আছে আমরা যাতে আত্মলিতে না ভুলি যাতে ওই জ আমাদেরকে নিজেকে প্রোটেট করায় সমাজকে প্রটেট করা যে বিটিনিজ ক দিয়ে দিয়ে দেখিয় দিয়েছেন আর কত্য দেখা বেসেগুলো যাতে আমরা মেনে"&" চরি মাস্ক ফর দু নবাদ দোয়া ধনা আমি একজন সিনিয়র ফার্মাসিস্ট") -> ব বারবার মনুর পর্তমান বলেছেন এক্সিলিচিয়ান প্রিটমেন্ট বা জাট সুটি হোক না কেন আমরা যে বিধিবিধান আছে আমরা যাতে আত্মলিতে না ভুলি যাতে ওই জ আমাদেরকে নিজেকে প্রোটেট করায় সমাজকে প্রটেট করা যে বিটিনিজ ক দিয়ে দিয়ে দেখিয় দিয়েছেন আর কত্য দেখা বেসেগুলো যাতে আমরা মেনে চরি মাস্ক ফর দু নবাদ দোয়া ধনা আমি একজন সিনিয়র ফার্মাসিস্ট | D16: =IFERROR(__xludf.DUMMYFUNCTION("""COMPUTED_VALUE"""),"No") -> No | E16: =IFERROR(__xludf.DUMMYFUNCTION("""COMPUTED_VALUE"""),"No") -> No | F16: =IFERROR(__xludf.DUMMYFUNCTION("""COMPUTED_VALUE"""),"No") -> No | G16: =IFERROR(__xludf.DUMMYFUNCTION("""COMPUTED_VALUE"""),0.0) -> 0 | H16: =IFERROR(__xludf.DUMMYFUNCTION("""COMPUTED_VALUE"""),0.5) -> 0.5 | I16: =IFERROR(__xludf.DUMMYFUNCTION("""COMPUTED_VALUE"""),0.5) -> 0.5 | J16: =IFERROR(__xludf.DUMMYFUNCTION("""COMPUTED_VALUE"""),0.5) -> 0.5 | K16: =IFERROR(__xludf.DUMMYFUNCTION("""COMPUTED_VALUE"""),"4– Usable, minor flaws Minor background noise.") -> 4– Usable, minor flaws Minor background noise. | L16: =IFERROR(__xludf.DUMMYFUNCTION("""COMPUTED_VALUE"""),"No") -> No
A17: =IFERROR(__xludf.DUMMYFUNCTION("""COMPUTED_VALUE"""),"collect\read\YouTube\Bangladesh Television (BTV)\__yFg8a8Zb4\3b976163-381e-449c-871c-17ea92ada33d.flac") -> collect\read\YouTube\Bangladesh Television (BTV)\__yFg8a8Zb4\3b976163-381e-449c-871c-17ea92ada33d.flac | B17: =IFERROR(__xludf.DUMMYFUNCTION("""COMPUTED_VALUE"""),30.0) -> 30 | C17: =IFERROR(__xludf.DUMMYFUNCTION("""COMPUTED_VALUE"""),"কেউ হললে অল ফর হেম এভরি ওয়ান এবনি সোসাইটি এমনি সব সমাজের সবাই একটা চিলিৎ কাজ করতে হবে সেটা এবার করোনায় আমি এই জায়গাটায় আপনাকে একটু থামিয়ে ডাক্তার সিদ্দিকীর কাছে আসতে চায় কাজ সিদ্দিকী অফেসর ইসমাইল খান যেখানে শেষ করলেন এই সবার জন্য স্বাস্থ্য যে প্রেক্ষাপটটা"&" তুলে ধরলেন এবং পরবর্তীতে তিনি যে বললেন এসকে সমন্বিত ব্যবস্থাপনা কথা বললেন") -> কেউ হললে অল ফর হেম এভরি ওয়ান এবনি সোসাইটি এমনি সব সমাজের সবাই একটা চিলিৎ কাজ করতে হবে সেটা এবার করোনায় আমি এই জায়গাটায় আপনাকে একটু থামিয়ে ডাক্তার সিদ্দিকীর কাছে আসতে চায় কাজ সিদ্দিকী অফেসর ইসমাইল খান যেখানে শেষ করলেন এই সবার জন্য স্বাস্থ্য যে প্রেক্ষাপটটা তুলে ধরলেন এবং পরবর্তীতে তিনি যে বললেন এসকে সমন্বিত ব্যবস্থাপনা কথা বললেন | D17: =IFERROR(__xludf.DUMMYFUNCTION("""COMPUTED_VALUE"""),"No") -> No | E17: =IFERROR(__xludf.DUMMYFUNCTION("""COMPUTED_VALUE"""),"No") -> No | F17: =IFERROR(__xludf.DUMMYFUNCTION("""COMPUTED_VALUE"""),"No") -> No | G17: =IFERROR(__xludf.DUMMYFUNCTION("""COMPUTED_VALUE"""),0.5) -> 0.5 | H17: =IFERROR(__xludf.DUMMYFUNCTION("""COMPUTED_VALUE"""),0.5) -> 0.5 | I17: =IFERROR(__xludf.DUMMYFUNCTION("""COMPUTED_VALUE"""),1.0) -> 1 | J17: =IFERROR(__xludf.DUMMYFUNCTION("""COMPUTED_VALUE"""),0.5) -> 0.5 | K17: =IFERROR(__xludf.DUMMYFUNCTION("""COMPUTED_VALUE"""),"4– Usable, minor flaws Minor background noise.") -> 4– Usable, minor flaws Minor background noise. | L17: =IFERROR(__xludf.DUMMYFUNCTION("""COMPUTED_VALUE"""),"No") -> No
A18: =IFERROR(__xludf.DUMMYFUNCTION("""COMPUTED_VALUE"""),"collect\read\YouTube\Bangladesh Television (BTV)\__yFg8a8Zb4\4292f9e9-1abf-437c-a34f-63e512e34e6a.flac") -> collect\read\YouTube\Bangladesh Television (BTV)\__yFg8a8Zb4\4292f9e9-1abf-437c-a34f-63e512e34e6a.flac | B18: =IFERROR(__xludf.DUMMYFUNCTION("""COMPUTED_VALUE"""),30.0) -> 30 | C18: =IFERROR(__xludf.DUMMYFUNCTION("""COMPUTED_VALUE"""),"ফ্রিয়েন্ট ছড়িয়ে থাকে যেটার ইনফেকটিভিটি অত বেশি না সেক্ষেত্রে কিন্তু এই এই বিষয়টা হতে পারে কিন্তু এক সপ্তা আছে আমি একটা একটা বিষয় আপটার কাছে উঠবে উপস্থাপন করে যাই পরে নিশ্চয়ই ব্যাখ্যায় আসবো আমরা গত এক সপ্তাহ আগে চাঁপাইনবাবগঞ্জে যে সংক্রমণের হার ছিল সেটা কি"&"ন্তু গত পরশু আমার কমে এসেছে মানে এগুলোর অনেকগুলো পর্যবেক্ষণ আছে অধ্যাপনকে ইসমাইল খান নিশ্চয় আপনি ডক্তার মাবুদ সিদ্দিকীর কথাগুলো শুনছি লেম আমার সথে আমারও বলি") -> ফ্রিয়েন্ট ছড়িয়ে থাকে যেটার ইনফেকটিভিটি অত বেশি না সেক্ষেত্রে কিন্তু এই এই বিষয়টা হতে পারে কিন্তু এক সপ্তা আছে আমি একটা একটা বিষয় আপটার কাছে উঠবে উপস্থাপন করে যাই পরে নিশ্চয়ই ব্যাখ্যায় আসবো আমরা গত এক সপ্তাহ আগে চাঁপাইনবাবগঞ্জে যে সংক্রমণের হার ছিল সেটা কিন্তু গত পরশু আমার কমে এসেছে মানে এগুলোর অনেকগুলো পর্যবেক্ষণ আছে অধ্যাপনকে ইসমাইল খান নিশ্চয় আপনি ডক্তার মাবুদ সিদ্দিকীর কথাগুলো শুনছি লেম আমার সথে আমারও বলি | D18: =IFERROR(__xludf.DUMMYFUNCTION("""COMPUTED_VALUE"""),"No") -> No | E18: =IFERROR(__xludf.DUMMYFUNCTION("""COMPUTED_VALUE"""),"No") -> No | F18: =IFERROR(__xludf.DUMMYFUNCTION("""COMPUTED_VALUE"""),"Yes") -> Yes | G18: =IFERROR(__xludf.DUMMYFUNCTION("""COMPUTED_VALUE"""),0.5) -> 0.5 | H18: =IFERROR(__xludf.DUMMYFUNCTION("""COMPUTED_VALUE"""),0.5) -> 0.5 | I18: =IFERROR(__xludf.DUMMYFUNCTION("""COMPUTED_VALUE"""),0.0) -> 0 | J18: =IFERROR(__xludf.DUMMYFUNCTION("""COMPUTED_VALUE"""),0.5) -> 0.5 | K18: =IFERROR(__xludf.DUMMYFUNCTION("""COMPUTED_VALUE"""),"4– Usable, minor flaws Minor background noise.") -> 4– Usable, minor flaws Minor background noise. | L18: =IFERROR(__xludf.DUMMYFUNCTION("""COMPUTED_VALUE"""),"No") -> No
A19: =IFERROR(__xludf.DUMMYFUNCTION("""COMPUTED_VALUE"""),"collect\read\YouTube\Bangladesh Television (BTV)\__yFg8a8Zb4\42df9076-0a40-4d05-a70b-d94d21698972.flac") -> collect\read\YouTube\Bangladesh Television (BTV)\__yFg8a8Zb4\42df9076-0a40-4d05-a70b-d94d21698972.flac | B19: =IFERROR(__xludf.DUMMYFUNCTION("""COMPUTED_VALUE"""),30.0) -> 30 | C19: =IFERROR(__xludf.DUMMYFUNCTION("""COMPUTED_VALUE"""),"কাটেরিয়ার বিসিসে টেস্ট করছেন আমার মনে হয় ছে এটা একটা কালচারাল আস্পেক্ট আছে পর ইসেপল কোনো একটা এলাকার মধ্যে যদি অনেক সময় আমরা জানি যে রুমার অথবা হুলো প্যানিক বলেন যাই কিছু বলেন না কেন এই জিনিসগুলো যখন ছড়িয়ে যায় তখন কিন্তু দলে দলে ঝাঁকে ঝাঁকে সব মানুষ হয়তো "&"আতঙ্কিত হয়ে পড়ে আমরা জানি যে এই সময়টা কিন্তু সিজন অফ ফ্লুয়েরো সিজন ততেব আপনি খেয়াল করে দেখবেন যে শুধু যে জানা টেস্ট করাচ্ছে তাদের শুধু যে করোনা আর করোনায় পাওয়া যাচ্ছে তা না করোনা ছাড়া অনেক আপনার সংক্রমণ ভাইরাসও কিন্তু আছে তো সেই ক্ষেত্রে কোন একটা এলাকার ম"&"ধ্যে") -> কাটেরিয়ার বিসিসে টেস্ট করছেন আমার মনে হয় ছে এটা একটা কালচারাল আস্পেক্ট আছে পর ইসেপল কোনো একটা এলাকার মধ্যে যদি অনেক সময় আমরা জানি যে রুমার অথবা হুলো প্যানিক বলেন যাই কিছু বলেন না কেন এই জিনিসগুলো যখন ছড়িয়ে যায় তখন কিন্তু দলে দলে ঝাঁকে ঝাঁকে সব মানুষ হয়তো আতঙ্কিত হয়ে পড়ে আমরা জানি যে এই সময়টা কিন্তু সিজন অফ ফ্লুয়েরো সিজন ততেব আপনি খেয়াল করে দেখবেন যে শুধু যে জানা টেস্ট করাচ্ছে তাদের শুধু যে করোনা আর করোনায় পাওয়া যাচ্ছে তা না করোনা ছাড়া অনেক আপনার সংক্রমণ ভাইরাসও কিন্তু আছে তো সেই ক্ষেত্রে কোন একটা এলাকার মধ্যে | D19: =IFERROR(__xludf.DUMMYFUNCTION("""COMPUTED_VALUE"""),"No") -> No | E19: =IFERROR(__xludf.DUMMYFUNCTION("""COMPUTED_VALUE"""),"Yes") -> Yes | F19: =IFERROR(__xludf.DUMMYFUNCTION("""COMPUTED_VALUE"""),"Yes") -> Yes | G19: =IFERROR(__xludf.DUMMYFUNCTION("""COMPUTED_VALUE"""),0.5) -> 0.5 | H19: =IFERROR(__xludf.DUMMYFUNCTION("""COMPUTED_VALUE"""),0.5) -> 0.5 | I19: =IFERROR(__xludf.DUMMYFUNCTION("""COMPUTED_VALUE"""),0.5) -> 0.5 | J19: =IFERROR(__xludf.DUMMYFUNCTION("""COMPUTED_VALUE"""),0.5) -> 0.5 | K19: =IFERROR(__xludf.DUMMYFUNCTION("""COMPUTED_VALUE"""),"4– Usable, minor flaws Minor background noise.") -> 4– Usable, minor flaws Minor background noise. | L19: =IFERROR(__xludf.DUMMYFUNCTION("""COMPUTED_VALUE"""),"No") -> No
A20: =IFERROR(__xludf.DUMMYFUNCTION("""COMPUTED_VALUE"""),"collect\read\YouTube\Bangladesh Television (BTV)\__yFg8a8Zb4\45dcfbd7-6354-439e-9023-9587de8ce046.flac") -> collect\read\YouTube\Bangladesh Television (BTV)\__yFg8a8Zb4\45dcfbd7-6354-439e-9023-9587de8ce046.flac | B20: =IFERROR(__xludf.DUMMYFUNCTION("""COMPUTED_VALUE"""),30.0) -> 30 | C20: =IFERROR(__xludf.DUMMYFUNCTION("""COMPUTED_VALUE"""),"যে জেলাগুলি সেখানে আবার দেখা গেছে তো সেখানে আবার আমরা ব্যবস্থা নিচ্ছি কিন্তু আমি সবাইকে বলব যে আমাদের স্বাস্থ্য বিধিটার জন্য সকলে মেনে চলেন এটাই বাংলাদেশের সব মানুষের কাছে আমার একটা আহ্বান থাকবে আমরা জিকা দান থেকে শুরু করে সবরকম ব্যবস্থা আমরা নিচ্ছি তারপর"&"ও নিজেরা সুরক্ষিত থাকতে হবে এটাই চাই অধ্যাপক ডাক্তার এসএম আব্দুর রহমান মাননীয় প্রধানমন্ত্রীর বক্তব্যের অংশটুকু আমরা দেখলাম") -> যে জেলাগুলি সেখানে আবার দেখা গেছে তো সেখানে আবার আমরা ব্যবস্থা নিচ্ছি কিন্তু আমি সবাইকে বলব যে আমাদের স্বাস্থ্য বিধিটার জন্য সকলে মেনে চলেন এটাই বাংলাদেশের সব মানুষের কাছে আমার একটা আহ্বান থাকবে আমরা জিকা দান থেকে শুরু করে সবরকম ব্যবস্থা আমরা নিচ্ছি তারপরও নিজেরা সুরক্ষিত থাকতে হবে এটাই চাই অধ্যাপক ডাক্তার এসএম আব্দুর রহমান মাননীয় প্রধানমন্ত্রীর বক্তব্যের অংশটুকু আমরা দেখলাম | D20: =IFERROR(__xludf.DUMMYFUNCTION("""COMPUTED_VALUE"""),"No") -> No | E20: =IFERROR(__xludf.DUMMYFUNCTION("""COMPUTED_VALUE"""),"No") -> No | F20: =IFERROR(__xludf.DUMMYFUNCTION("""COMPUTED_VALUE"""),"Yes") -> Yes | G20: =IFERROR(__xludf.DUMMYFUNCTION("""COMPUTED_VALUE"""),0.5) -> 0.5 | H20: =IFERROR(__xludf.DUMMYFUNCTION("""COMPUTED_VALUE"""),0.5) -> 0.5 | I20: =IFERROR(__xludf.DUMMYFUNCTION("""COMPUTED_VALUE"""),0.5) -> 0.5 | J20: =IFERROR(__xludf.DUMMYFUNCTION("""COMPUTED_VALUE"""),0.5) -> 0.5 | K20: =IFERROR(__xludf.DUMMYFUNCTION("""COMPUTED_VALUE"""),"4– Usable, minor flaws Minor background noise.") -> 4– Usable, minor flaws Minor background noise. | L20: =IFERROR(__xludf.DUMMYFUNCTION("""COMPUTED_VALUE"""),"No") -> No
A21: =IFERROR(__xludf.DUMMYFUNCTION("""COMPUTED_VALUE"""),"collect\read\YouTube\Bangladesh Television (BTV)\__yFg8a8Zb4\543065f8-038a-448a-af42-02a8cd7289f9.flac") -> collect\read\YouTube\Bangladesh Television (BTV)\__yFg8a8Zb4\543065f8-038a-448a-af42-02a8cd7289f9.flac | B21: =IFERROR(__xludf.DUMMYFUNCTION("""COMPUTED_VALUE"""),30.0) -> 30 | C21: =IFERROR(__xludf.DUMMYFUNCTION("""COMPUTED_VALUE"""),"নানে একজন মানুষ কীভাবে চলবে আদের ব্যাংক একাউন্টে কিন্তু সরকারের পক্ষ থেকে টাকা চলে গিয়েছে রেগুলার বেসিসে চলে গিয়েছে এটা আমাদের এখানে অসম্ভব ইমপ্রেকটিক্যাল তো যে কারণে আমাদের এই দরিদ্র জনগোষ্ঠী বা প্রান্তিক জনগোষ্ঠীকে কিন্তু তাদের মোবিলিটি মেইন্টেইন করতে হ"&"বে আর করোনার ক্ষেত্রে একটা সবচেয়ে বড় চ্যালেঞ্জ হল আমরা সেই গত বছর থেকেই জানি যে সিমটোম্যাটিক কেসের চেয়ে অ্যাসিম্টোমাটিক কেস অনেক ক্ষেত্রে অনেক বেশি হয় এবং আমাদের কমিউনিটির মধ্যে যারা আছে তাদের মধ্যে বেশ কিছু মানুষ থাকে সুপার স্প্রেডার এটা ইসমাইল খান স্যার") -> নানে একজন মানুষ কীভাবে চলবে আদের ব্যাংক একাউন্টে কিন্তু সরকারের পক্ষ থেকে টাকা চলে গিয়েছে রেগুলার বেসিসে চলে গিয়েছে এটা আমাদের এখানে অসম্ভব ইমপ্রেকটিক্যাল তো যে কারণে আমাদের এই দরিদ্র জনগোষ্ঠী বা প্রান্তিক জনগোষ্ঠীকে কিন্তু তাদের মোবিলিটি মেইন্টেইন করতে হবে আর করোনার ক্ষেত্রে একটা সবচেয়ে বড় চ্যালেঞ্জ হল আমরা সেই গত বছর থেকেই জানি যে সিমটোম্যাটিক কেসের চেয়ে অ্যাসিম্টোমাটিক কেস অনেক ক্ষেত্রে অনেক বেশি হয় এবং আমাদের কমিউনিটির মধ্যে যারা আছে তাদের মধ্যে বেশ কিছু মানুষ থাকে সুপার স্প্রেডার এটা ইসমাইল খান স্যার | D21: =IFERROR(__xludf.DUMMYFUNCTION("""COMPUTED_VALUE"""),"No") -> No | E21: =IFERROR(__xludf.DUMMYFUNCTION("""COMPUTED_VALUE"""),"Yes") -> Yes | F21: =IFERROR(__xludf.DUMMYFUNCTION("""COMPUTED_VALUE"""),"Yes") -> Yes | G21: =IFERROR(__xludf.DUMMYFUNCTION("""COMPUTED_VALUE"""),1.0) -> 1 | H21: =IFERROR(__xludf.DUMMYFUNCTION("""COMPUTED_VALUE"""),1.0) -> 1 | I21: =IFERROR(__xludf.DUMMYFUNCTION("""COMPUTED_VALUE"""),1.0) -> 1 | J21: =IFERROR(__xludf.DUMMYFUNCTION("""COMPUTED_VALUE"""),0.5) -> 0.5 | K21: =IFERROR(__xludf.DUMMYFUNCTION("""COMPUTED_VALUE"""),"4– Usable, minor flaws Minor background noise.") -> 4– Usable, minor flaws Minor background noise. | L21: =IFERROR(__xludf.DUMMYFUNCTION("""COMPUTED_VALUE"""),"No") -> No
A22: =IFERROR(__xludf.DUMMYFUNCTION("""COMPUTED_VALUE"""),"collect\read\YouTube\Bangladesh Television (BTV)\__yFg8a8Zb4\66c3a0ff-2f66-4d9f-885f-84b31693920a.flac") -> collect\read\YouTube\Bangladesh Television (BTV)\__yFg8a8Zb4\66c3a0ff-2f66-4d9f-885f-84b31693920a.flac | B22: =IFERROR(__xludf.DUMMYFUNCTION("""COMPUTED_VALUE"""),30.0) -> 30 | C22: =IFERROR(__xludf.DUMMYFUNCTION("""COMPUTED_VALUE"""),"যে শেষ পর্যন্ত ব্রাহ্মণবাড়িয়ার অবস্থা কি হয় আমার কেন যেন মনে হয় যে অলরেডি ব্রাহ্মণবাড়িয়ে এসেে যে বিষয়টি আলোচনা হচ্ছে আসলো টিকার যে সংকট আমি মনে করি যে মাননীয় প্রধানমন্ত্রী যেটা বলেছেন যে টিকার মেধাস্বত্ব আইন যদি এটা মোহিত করা হয় তাহলে এখন যে মহামারী আমাদে"&"র চলছে অবশ্যই যারা টিকা উৎপাদন করেছেন টিকা নিয়ে গবেষণা করেছেন তারা শ্রম দিয়েছেন তারা অর্থ খরচ করেছেন তারা ব্যবসা করবেন ব্যবসা করতে কোনো বাধা নেই কিন্তু ব্যবসা তো") -> যে শেষ পর্যন্ত ব্রাহ্মণবাড়িয়ার অবস্থা কি হয় আমার কেন যেন মনে হয় যে অলরেডি ব্রাহ্মণবাড়িয়ে এসেে যে বিষয়টি আলোচনা হচ্ছে আসলো টিকার যে সংকট আমি মনে করি যে মাননীয় প্রধানমন্ত্রী যেটা বলেছেন যে টিকার মেধাস্বত্ব আইন যদি এটা মোহিত করা হয় তাহলে এখন যে মহামারী আমাদের চলছে অবশ্যই যারা টিকা উৎপাদন করেছেন টিকা নিয়ে গবেষণা করেছেন তারা শ্রম দিয়েছেন তারা অর্থ খরচ করেছেন তারা ব্যবসা করবেন ব্যবসা করতে কোনো বাধা নেই কিন্তু ব্যবসা তো | D22: =IFERROR(__xludf.DUMMYFUNCTION("""COMPUTED_VALUE"""),"No") -> No | E22: =IFERROR(__xludf.DUMMYFUNCTION("""COMPUTED_VALUE"""),"No") -> No | F22: =IFERROR(__xludf.DUMMYFUNCTION("""COMPUTED_VALUE"""),"No") -> No | G22: =IFERROR(__xludf.DUMMYFUNCTION("""COMPUTED_VALUE"""),0.5) -> 0.5 | H22: =IFERROR(__xludf.DUMMYFUNCTION("""COMPUTED_VALUE"""),0.5) -> 0.5 | I22: =IFERROR(__xludf.DUMMYFUNCTION("""COMPUTED_VALUE"""),0.5) -> 0.5 | J22: =IFERROR(__xludf.DUMMYFUNCTION("""COMPUTED_VALUE"""),0.5) -> 0.5 | K22: =IFERROR(__xludf.DUMMYFUNCTION("""COMPUTED_VALUE"""),"4– Usable, minor flaws Minor background noise.") -> 4– Usable, minor flaws Minor background noise. | L22: =IFERROR(__xludf.DUMMYFUNCTION("""COMPUTED_VALUE"""),"No") -> No
A23: =IFERROR(__xludf.DUMMYFUNCTION("""COMPUTED_VALUE"""),"collect\read\YouTube\Bangladesh Television (BTV)\__yFg8a8Zb4\712b88e2-182d-4983-8732-da48035cf95c.flac") -> collect\read\YouTube\Bangladesh Television (BTV)\__yFg8a8Zb4\712b88e2-182d-4983-8732-da48035cf95c.flac | B23: =IFERROR(__xludf.DUMMYFUNCTION("""COMPUTED_VALUE"""),30.0) -> 30 | C23: =IFERROR(__xludf.DUMMYFUNCTION("""COMPUTED_VALUE"""),"যমন মোবালিটি অত বেশি হবে ততই যদি ঐ ক্যারিয়ার যুদ্ধ হইয়া থাকে ইনফ্যেকশার হয়ে থাকে আোন্ড আনোন্ডায় সেযুগ ইনফ্রথ হয়ে থাকে মবিরি যত বেশি ে সিভাবে ছড়াবে ব্রাহ্মণবাড়িয়ার কথা যে আপনি বলেছেন ব্রাহ্মণ বাড়িয়ে কিন্তু ত্রিপুরারের চেয়ে পঝাযে আর চাপাননমন্ট ওদিকে যে ভারত"&"ের যে জেলাগুলো আছে এমনিে কর কি কয়েছে এমনতো বা কী ওদিকে যে জেলাগুলো সেগুলোতে কিন্তু") -> যমন মোবালিটি অত বেশি হবে ততই যদি ঐ ক্যারিয়ার যুদ্ধ হইয়া থাকে ইনফ্যেকশার হয়ে থাকে আোন্ড আনোন্ডায় সেযুগ ইনফ্রথ হয়ে থাকে মবিরি যত বেশি ে সিভাবে ছড়াবে ব্রাহ্মণবাড়িয়ার কথা যে আপনি বলেছেন ব্রাহ্মণ বাড়িয়ে কিন্তু ত্রিপুরারের চেয়ে পঝাযে আর চাপাননমন্ট ওদিকে যে ভারতের যে জেলাগুলো আছে এমনিে কর কি কয়েছে এমনতো বা কী ওদিকে যে জেলাগুলো সেগুলোতে কিন্তু | D23: =IFERROR(__xludf.DUMMYFUNCTION("""COMPUTED_VALUE"""),"No") -> No | E23: =IFERROR(__xludf.DUMMYFUNCTION("""COMPUTED_VALUE"""),"Yes") -> Yes | F23: =IFERROR(__xludf.DUMMYFUNCTION("""COMPUTED_VALUE"""),"Yes") -> Yes | G23: =IFERROR(__xludf.DUMMYFUNCTION("""COMPUTED_VALUE"""),0.0) -> 0 | H23: =IFERROR(__xludf.DUMMYFUNCTION("""COMPUTED_VALUE"""),0.0) -> 0 | I23: =IFERROR(__xludf.DUMMYFUNCTION("""COMPUTED_VALUE"""),0.0) -> 0 | J23: =IFERROR(__xludf.DUMMYFUNCTION("""COMPUTED_VALUE"""),0.5) -> 0.5 | K23: =IFERROR(__xludf.DUMMYFUNCTION("""COMPUTED_VALUE"""),"4– Usable, minor flaws Minor background noise.") -> 4– Usable, minor flaws Minor background noise. | L23: =IFERROR(__xludf.DUMMYFUNCTION("""COMPUTED_VALUE"""),"No") -> No
A24: =IFERROR(__xludf.DUMMYFUNCTION("""COMPUTED_VALUE"""),"collect\read\YouTube\Bangladesh Television (BTV)\__yFg8a8Zb4\7293edc4-655e-496e-81fa-9232473be93f.flac") -> collect\read\YouTube\Bangladesh Television (BTV)\__yFg8a8Zb4\7293edc4-655e-496e-81fa-9232473be93f.flac | B24: =IFERROR(__xludf.DUMMYFUNCTION("""COMPUTED_VALUE"""),30.0) -> 30 | C24: =IFERROR(__xludf.DUMMYFUNCTION("""COMPUTED_VALUE"""),"এর সাংসদ এশিয়ার মধ্যে অবশ্যই এবং সারা পৃথিবীতে উল্লেখযোগ্য প্রভার্ট পভার্টি এবং অন্য কিছু ইন্ডিক্রেটের করে আপনাই ভালো জানেন আমাদের দ্বস্ভাই জান আমি করা না বলে শুধু স্বাস্থ্র ইযেগুলো ইনডিকরেটডমূলক আমরা অবার বিত্র সাফল্য অর্জন করেছি এবং সারা বিশ্বের কাছে আ"&"মরা এমডিডি অর্জনে ঐ লক্ষ্যমাত্র টার যে সীমা ছিল তার আইডি অর্জনে আমরা মাননীয় প্রধানমন্ত্রীর নেতৃত্বে আমরা ছাড়া বিজেবিতা প্রর্জিত হয়েছি তারপরে সাতসিটেবলি এভেল প বলে ডি এমজিনি") -> এর সাংসদ এশিয়ার মধ্যে অবশ্যই এবং সারা পৃথিবীতে উল্লেখযোগ্য প্রভার্ট পভার্টি এবং অন্য কিছু ইন্ডিক্রেটের করে আপনাই ভালো জানেন আমাদের দ্বস্ভাই জান আমি করা না বলে শুধু স্বাস্থ্র ইযেগুলো ইনডিকরেটডমূলক আমরা অবার বিত্র সাফল্য অর্জন করেছি এবং সারা বিশ্বের কাছে আমরা এমডিডি অর্জনে ঐ লক্ষ্যমাত্র টার যে সীমা ছিল তার আইডি অর্জনে আমরা মাননীয় প্রধানমন্ত্রীর নেতৃত্বে আমরা ছাড়া বিজেবিতা প্রর্জিত হয়েছি তারপরে সাতসিটেবলি এভেল প বলে ডি এমজিনি | D24: =IFERROR(__xludf.DUMMYFUNCTION("""COMPUTED_VALUE"""),"No") -> No | E24: =IFERROR(__xludf.DUMMYFUNCTION("""COMPUTED_VALUE"""),"Yes") -> Yes | F24: =IFERROR(__xludf.DUMMYFUNCTION("""COMPUTED_VALUE"""),"Yes") -> Yes | G24: =IFERROR(__xludf.DUMMYFUNCTION("""COMPUTED_VALUE"""),0.5) -> 0.5 | H24: =IFERROR(__xludf.DUMMYFUNCTION("""COMPUTED_VALUE"""),0.5) -> 0.5 | I24: =IFERROR(__xludf.DUMMYFUNCTION("""COMPUTED_VALUE"""),0.5) -> 0.5 | J24: =IFERROR(__xludf.DUMMYFUNCTION("""COMPUTED_VALUE"""),0.5) -> 0.5 | K24: =IFERROR(__xludf.DUMMYFUNCTION("""COMPUTED_VALUE"""),"4– Usable, minor flaws Minor background noise.") -> 4– Usable, minor flaws Minor background noise. | L24: =IFERROR(__xludf.DUMMYFUNCTION("""COMPUTED_VALUE"""),"No") -> No
A25: =IFERROR(__xludf.DUMMYFUNCTION("""COMPUTED_VALUE"""),"collect\read\YouTube\Bangladesh Television (BTV)\__yFg8a8Zb4\76593329-5a94-4b3a-aa04-5df11fc8190a.flac") -> collect\read\YouTube\Bangladesh Television (BTV)\__yFg8a8Zb4\76593329-5a94-4b3a-aa04-5df11fc8190a.flac | B25: =IFERROR(__xludf.DUMMYFUNCTION("""COMPUTED_VALUE"""),30.0) -> 30 | C25: =IFERROR(__xludf.DUMMYFUNCTION("""COMPUTED_VALUE"""),"অনেক চন্ত ওও করোনার হাার পচি মবি সেটা কিন্তু অনেক বেশি তিপনু এখানে ত্রিপুরা রাইজ যে করোনা কন্ত্ এতটা বেশি না সুতরাং আপনি যে সীমান্তমন্ত্রী কথা বলছেন সীবনরবতা হলেই তো সুতা হবে না ওই পার্ছে মানুষের মোমিনিটি এবং ওই পার্ছে যে কটি রকম করণা ইনফ্যাক্টিভ অধ্যাপক "&"ডক্টর এয়াসএম আব্দুর রহমান কি বলেন এক্ষেত্রে অরথাৎ ইসমাইল খন আপনার কাছে ফিরে আসছি ধন্যবাদ আপনাকে আমি মনে করি যে হট স্পট নিয়ে যে বিষয়টি যে") -> অনেক চন্ত ওও করোনার হাার পচি মবি সেটা কিন্তু অনেক বেশি তিপনু এখানে ত্রিপুরা রাইজ যে করোনা কন্ত্ এতটা বেশি না সুতরাং আপনি যে সীমান্তমন্ত্রী কথা বলছেন সীবনরবতা হলেই তো সুতা হবে না ওই পার্ছে মানুষের মোমিনিটি এবং ওই পার্ছে যে কটি রকম করণা ইনফ্যাক্টিভ অধ্যাপক ডক্টর এয়াসএম আব্দুর রহমান কি বলেন এক্ষেত্রে অরথাৎ ইসমাইল খন আপনার কাছে ফিরে আসছি ধন্যবাদ আপনাকে আমি মনে করি যে হট স্পট নিয়ে যে বিষয়টি যে | D25: =IFERROR(__xludf.DUMMYFUNCTION("""COMPUTED_VALUE"""),"No") -> No | E25: =IFERROR(__xludf.DUMMYFUNCTION("""COMPUTED_VALUE"""),"Yes") -> Yes | F25: =IFERROR(__xludf.DUMMYFUNCTION("""COMPUTED_VALUE"""),"Yes") -> Yes | G25: =IFERROR(__xludf.DUMMYFUNCTION("""COMPUTED_VALUE"""),0.0) -> 0 | H25: =IFERROR(__xludf.DUMMYFUNCTION("""COMPUTED_VALUE"""),0.5) -> 0.5 | I25: =IFERROR(__xludf.DUMMYFUNCTION("""COMPUTED_VALUE"""),0.5) -> 0.5 | J25: =IFERROR(__xludf.DUMMYFUNCTION("""COMPUTED_VALUE"""),0.5) -> 0.5 | K25: =IFERROR(__xludf.DUMMYFUNCTION("""COMPUTED_VALUE"""),"4– Usable, minor flaws Minor background noise.") -> 4– Usable, minor flaws Minor background noise. | L25: =IFERROR(__xludf.DUMMYFUNCTION("""COMPUTED_VALUE"""),"No") -> No
A26: =IFERROR(__xludf.DUMMYFUNCTION("""COMPUTED_VALUE"""),"collect\read\YouTube\Bangladesh Television (BTV)\__yFg8a8Zb4\7d00aaa5-a538-4df8-b451-77a985466426.flac") -> collect\read\YouTube\Bangladesh Television (BTV)\__yFg8a8Zb4\7d00aaa5-a538-4df8-b451-77a985466426.flac | B26: =IFERROR(__xludf.DUMMYFUNCTION("""COMPUTED_VALUE"""),30.0) -> 30 | C26: =IFERROR(__xludf.DUMMYFUNCTION("""COMPUTED_VALUE"""),"সুন্দরভাবে এবং কোনো নির্ঝন যাটা কোনো ধরনের কোনো অসুবিধার সহকারী কিন্তু টিকা প্রদান সম্ভব হয়েছে দুর্ভাগ্যবশত আমাদের টিকা আমরা সেরাম ইনস্টিটিউট থেকে না পাওয়ার কারণে হয়তো টিকা আমরা টিকাদান প্রক্রিয়াটি আমরা চলমান রাখতে পারেনি কিন্তু যে বিষয়টা আপনি বললেন যে জু"&"লাই থেকে আবার নতুন করে টিকা দান শুরু হবে এটা খুবই আশার সংবাদ আমি মনে করি আমাদের এই টিকাদান প্রক্রিয়া আবার এটা যদি শুরু হয় এবং এটা যদি চলতে থাকে") -> সুন্দরভাবে এবং কোনো নির্ঝন যাটা কোনো ধরনের কোনো অসুবিধার সহকারী কিন্তু টিকা প্রদান সম্ভব হয়েছে দুর্ভাগ্যবশত আমাদের টিকা আমরা সেরাম ইনস্টিটিউট থেকে না পাওয়ার কারণে হয়তো টিকা আমরা টিকাদান প্রক্রিয়াটি আমরা চলমান রাখতে পারেনি কিন্তু যে বিষয়টা আপনি বললেন যে জুলাই থেকে আবার নতুন করে টিকা দান শুরু হবে এটা খুবই আশার সংবাদ আমি মনে করি আমাদের এই টিকাদান প্রক্রিয়া আবার এটা যদি শুরু হয় এবং এটা যদি চলতে থাকে | D26: =IFERROR(__xludf.DUMMYFUNCTION("""COMPUTED_VALUE"""),"No") -> No | E26: =IFERROR(__xludf.DUMMYFUNCTION("""COMPUTED_VALUE"""),"No") -> No | F26: =IFERROR(__xludf.DUMMYFUNCTION("""COMPUTED_VALUE"""),"Yes") -> Yes | G26: =IFERROR(__xludf.DUMMYFUNCTION("""COMPUTED_VALUE"""),1.0) -> 1 | H26: =IFERROR(__xludf.DUMMYFUNCTION("""COMPUTED_VALUE"""),0.5) -> 0.5 | I26: =IFERROR(__xludf.DUMMYFUNCTION("""COMPUTED_VALUE"""),0.5) -> 0.5 | J26: =IFERROR(__xludf.DUMMYFUNCTION("""COMPUTED_VALUE"""),0.5) -> 0.5 | K26: =IFERROR(__xludf.DUMMYFUNCTION("""COMPUTED_VALUE"""),"4– Usable, minor flaws Minor background noise.") -> 4– Usable, minor flaws Minor background noise. | L26: =IFERROR(__xludf.DUMMYFUNCTION("""COMPUTED_VALUE"""),"No") -> No
A27: =IFERROR(__xludf.DUMMYFUNCTION("""COMPUTED_VALUE"""),"collect\read\YouTube\Bangladesh Television (BTV)\__yFg8a8Zb4\7f1867ae-752c-4f47-a8ec-2e79dba628d6.flac") -> collect\read\YouTube\Bangladesh Television (BTV)\__yFg8a8Zb4\7f1867ae-752c-4f47-a8ec-2e79dba628d6.flac | B27: =IFERROR(__xludf.DUMMYFUNCTION("""COMPUTED_VALUE"""),30.0) -> 30 | C27: =IFERROR(__xludf.DUMMYFUNCTION("""COMPUTED_VALUE"""),"প্রধানমন্ত্রীর সুনির্দিষ্ট পরিকল্পনা ও দূরদর্শী নেতৃত্বে বাংলাদেশ অপ্রতিরোধ্য গতিতে এগিয়ে যাচ্ছে বাজেট আলোচনায় বললেন সংসদ সদস্যরা বিএনপির রাজনীতি এদেশের রাজনৈতিক সহাবস্থানের পথে বড় অন্তরায় মন্তব্য ওবায়দুল কাদেরে বিশ্ববিদ্যালয়গুলো শুধু উন্নত শিক্ষাই দিবে ন"&"া উন্নত মানুষও গড়ে তুলবে তথ্য ও সম্প্রচারমন্ত্রী ডক্টর হাছান মাহমুদের আশাবাদ করোনাভাইরাসের দেশে আরো") -> প্রধানমন্ত্রীর সুনির্দিষ্ট পরিকল্পনা ও দূরদর্শী নেতৃত্বে বাংলাদেশ অপ্রতিরোধ্য গতিতে এগিয়ে যাচ্ছে বাজেট আলোচনায় বললেন সংসদ সদস্যরা বিএনপির রাজনীতি এদেশের রাজনৈতিক সহাবস্থানের পথে বড় অন্তরায় মন্তব্য ওবায়দুল কাদেরে বিশ্ববিদ্যালয়গুলো শুধু উন্নত শিক্ষাই দিবে না উন্নত মানুষও গড়ে তুলবে তথ্য ও সম্প্রচারমন্ত্রী ডক্টর হাছান মাহমুদের আশাবাদ করোনাভাইরাসের দেশে আরো | D27: =IFERROR(__xludf.DUMMYFUNCTION("""COMPUTED_VALUE"""),"No") -> No | E27: =IFERROR(__xludf.DUMMYFUNCTION("""COMPUTED_VALUE"""),"No") -> No | F27: =IFERROR(__xludf.DUMMYFUNCTION("""COMPUTED_VALUE"""),"Yes") -> Yes | G27: =IFERROR(__xludf.DUMMYFUNCTION("""COMPUTED_VALUE"""),1.0) -> 1 | H27: =IFERROR(__xludf.DUMMYFUNCTION("""COMPUTED_VALUE"""),1.0) -> 1 | I27: =IFERROR(__xludf.DUMMYFUNCTION("""COMPUTED_VALUE"""),1.0) -> 1 | J27: =IFERROR(__xludf.DUMMYFUNCTION("""COMPUTED_VALUE"""),0.5) -> 0.5 | K27: =IFERROR(__xludf.DUMMYFUNCTION("""COMPUTED_VALUE"""),"4– Usable, minor flaws Minor background noise.") -> 4– Usable, minor flaws Minor background noise. | L27: =IFERROR(__xludf.DUMMYFUNCTION("""COMPUTED_VALUE"""),"No") -> No
A28: =IFERROR(__xludf.DUMMYFUNCTION("""COMPUTED_VALUE"""),"collect\read\YouTube\Bangladesh Television (BTV)\__yFg8a8Zb4\83084b41-cdbf-4374-9d5b-96e11f83f21b.flac") -> collect\read\YouTube\Bangladesh Television (BTV)\__yFg8a8Zb4\83084b41-cdbf-4374-9d5b-96e11f83f21b.flac | B28: =IFERROR(__xludf.DUMMYFUNCTION("""COMPUTED_VALUE"""),30.0) -> 30 | C28: =IFERROR(__xludf.DUMMYFUNCTION("""COMPUTED_VALUE"""),"আনন্দের বিষয় তো আমি বাস্তবতাটা বুছিলাম এই গত সপ্তাহে কিন্তু গত সপ্তাহে না গত দুই দিন আগে কিন্তু জি সেভেন্ট সম্মেলন শেষ হলো শুভাষ আপনি নিশ্চয় খেয়াল করেছেন এই জি সেভেনে তারা যে সাতটা দেশে তাদের যে সম্মিলিত সিদ্ধান্ত তারা কিন্তু এখন বলেছে যে এক বিলিয়ন ডোজ টি"&"কা তারা কিন্তু আপনার এই দরিদ্র দেশগুলোকে গি বেবাই করবে মানে হলো ফ্রী তারাইডলা ডিস্ট্রিবিউট করবেন অনেট করবেন ইনস্টিডফ ওপেনিং আপ দ্য পেটেন্ট রাইট তারা কিন্তু এই ফ্রিড অনেশনের দিকে এখন যাচ্ছে") -> আনন্দের বিষয় তো আমি বাস্তবতাটা বুছিলাম এই গত সপ্তাহে কিন্তু গত সপ্তাহে না গত দুই দিন আগে কিন্তু জি সেভেন্ট সম্মেলন শেষ হলো শুভাষ আপনি নিশ্চয় খেয়াল করেছেন এই জি সেভেনে তারা যে সাতটা দেশে তাদের যে সম্মিলিত সিদ্ধান্ত তারা কিন্তু এখন বলেছে যে এক বিলিয়ন ডোজ টিকা তারা কিন্তু আপনার এই দরিদ্র দেশগুলোকে গি বেবাই করবে মানে হলো ফ্রী তারাইডলা ডিস্ট্রিবিউট করবেন অনেট করবেন ইনস্টিডফ ওপেনিং আপ দ্য পেটেন্ট রাইট তারা কিন্তু এই ফ্রিড অনেশনের দিকে এখন যাচ্ছে | D28: =IFERROR(__xludf.DUMMYFUNCTION("""COMPUTED_VALUE"""),"No") -> No | E28: =IFERROR(__xludf.DUMMYFUNCTION("""COMPUTED_VALUE"""),"Yes") -> Yes | F28: =IFERROR(__xludf.DUMMYFUNCTION("""COMPUTED_VALUE"""),"Yes") -> Yes | G28: =IFERROR(__xludf.DUMMYFUNCTION("""COMPUTED_VALUE"""),0.5) -> 0.5 | H28: =IFERROR(__xludf.DUMMYFUNCTION("""COMPUTED_VALUE"""),0.5) -> 0.5 | I28: =IFERROR(__xludf.DUMMYFUNCTION("""COMPUTED_VALUE"""),0.5) -> 0.5 | J28: =IFERROR(__xludf.DUMMYFUNCTION("""COMPUTED_VALUE"""),0.5) -> 0.5 | K28: =IFERROR(__xludf.DUMMYFUNCTION("""COMPUTED_VALUE"""),"4– Usable, minor flaws Minor background noise.") -> 4– Usable, minor flaws Minor background noise. | L28: =IFERROR(__xludf.DUMMYFUNCTION("""COMPUTED_VALUE"""),"No") -> No
A29: =IFERROR(__xludf.DUMMYFUNCTION("""COMPUTED_VALUE"""),"collect\read\YouTube\Bangladesh Television (BTV)\__yFg8a8Zb4\889a55b4-d870-4888-8f21-d339842865aa.flac") -> collect\read\YouTube\Bangladesh Television (BTV)\__yFg8a8Zb4\889a55b4-d870-4888-8f21-d339842865aa.flac | B29: =IFERROR(__xludf.DUMMYFUNCTION("""COMPUTED_VALUE"""),30.0) -> 30 | C29: =IFERROR(__xludf.DUMMYFUNCTION("""COMPUTED_VALUE"""),"সেই টিকার দিকেই কিন্তু তাকিয়েছিলাম এবং তখন কিন্তু আমরা জানি যে অ্যাস্ট্রাজেনেকার যে টিকাটি ছিল পাশাপাশি ফাইজারের মডার্নার টিকাটি ছিল সেই তিনটি টিগায় কিন্তু অনুমোদিত হয়েছিল আমরা জানি অ্যাস্ট্রাজেনেকা ছাড়া অন্য যে দুটি টিকা ছিল তাদের সংরক্ষণ ব্যবস্থা আমাদের"&" দেশে সেরকম না থাকার কারণে এবং হয়তো সেটা আমাদের জন্য সম্ভবপর হয়নি পরবর্তীতে যখন স্কুটনিক ভি বা সিরো ভ্যাকে টিকা বা সিনোফার্মের টিকা যখন অনুমোদিত হয় তখন কিন্তু আমাদের ওষুধ প্রশাসন অনতিবূলক") -> সেই টিকার দিকেই কিন্তু তাকিয়েছিলাম এবং তখন কিন্তু আমরা জানি যে অ্যাস্ট্রাজেনেকার যে টিকাটি ছিল পাশাপাশি ফাইজারের মডার্নার টিকাটি ছিল সেই তিনটি টিগায় কিন্তু অনুমোদিত হয়েছিল আমরা জানি অ্যাস্ট্রাজেনেকা ছাড়া অন্য যে দুটি টিকা ছিল তাদের সংরক্ষণ ব্যবস্থা আমাদের দেশে সেরকম না থাকার কারণে এবং হয়তো সেটা আমাদের জন্য সম্ভবপর হয়নি পরবর্তীতে যখন স্কুটনিক ভি বা সিরো ভ্যাকে টিকা বা সিনোফার্মের টিকা যখন অনুমোদিত হয় তখন কিন্তু আমাদের ওষুধ প্রশাসন অনতিবূলক | D29: =IFERROR(__xludf.DUMMYFUNCTION("""COMPUTED_VALUE"""),"No") -> No | E29: =IFERROR(__xludf.DUMMYFUNCTION("""COMPUTED_VALUE"""),"Yes") -> Yes | F29: =IFERROR(__xludf.DUMMYFUNCTION("""COMPUTED_VALUE"""),"Yes") -> Yes | G29: =IFERROR(__xludf.DUMMYFUNCTION("""COMPUTED_VALUE"""),0.5) -> 0.5 | H29: =IFERROR(__xludf.DUMMYFUNCTION("""COMPUTED_VALUE"""),0.5) -> 0.5 | I29: =IFERROR(__xludf.DUMMYFUNCTION("""COMPUTED_VALUE"""),1.0) -> 1 | J29: =IFERROR(__xludf.DUMMYFUNCTION("""COMPUTED_VALUE"""),0.5) -> 0.5 | K29: =IFERROR(__xludf.DUMMYFUNCTION("""COMPUTED_VALUE"""),"4– Usable, minor flaws Minor background noise.") -> 4– Usable, minor flaws Minor background noise. | L29: =IFERROR(__xludf.DUMMYFUNCTION("""COMPUTED_VALUE"""),"No") -> No
A30: =IFERROR(__xludf.DUMMYFUNCTION("""COMPUTED_VALUE"""),"collect\read\YouTube\Bangladesh Television (BTV)\__yFg8a8Zb4\8ad4d519-e86a-4111-b427-976179e608bd.flac") -> collect\read\YouTube\Bangladesh Television (BTV)\__yFg8a8Zb4\8ad4d519-e86a-4111-b427-976179e608bd.flac | B30: =IFERROR(__xludf.DUMMYFUNCTION("""COMPUTED_VALUE"""),30.0) -> 30 | C30: =IFERROR(__xludf.DUMMYFUNCTION("""COMPUTED_VALUE"""),"সো যাচ্ছে কারণ এটার পিছনে বিজনেস আছে এটার পিছনে ডিপ্লোমেসি আছে বা ইন্টারন্যাশনাল পলিটিক্স আছে তো আমার মনে হয় যে ওভারল মাননীয় প্রধানমন্ত্রী এবং আমাদের স্বাস্থ্য যে সিস্টেম আমরা টিকার জন্য শুরুর দিকে মাঝখানে একটু বাঙ্গুল করলেও আমার মনে হয় যে এখন আমরা যেভাবে"&" সিনোফার্মের টিতা বা রাশিয়া থেকে পিতা না ফাইজারের কাছ থেকে পিতা না বা ইভেন ইভেন আমাদের যে আস্ট্রেডনে কাট্তিকা আনার জন্য যেভাবে এখন মুভমেন্ট চলছে আমার মনে হয় সেটা আমাদের জন্য খনে খুবই আশা প্রদ এখটা ব্যাপ অযাপর দার ছোট্ট একটা জিনিস শের করতে চাই") -> সো যাচ্ছে কারণ এটার পিছনে বিজনেস আছে এটার পিছনে ডিপ্লোমেসি আছে বা ইন্টারন্যাশনাল পলিটিক্স আছে তো আমার মনে হয় যে ওভারল মাননীয় প্রধানমন্ত্রী এবং আমাদের স্বাস্থ্য যে সিস্টেম আমরা টিকার জন্য শুরুর দিকে মাঝখানে একটু বাঙ্গুল করলেও আমার মনে হয় যে এখন আমরা যেভাবে সিনোফার্মের টিতা বা রাশিয়া থেকে পিতা না ফাইজারের কাছ থেকে পিতা না বা ইভেন ইভেন আমাদের যে আস্ট্রেডনে কাট্তিকা আনার জন্য যেভাবে এখন মুভমেন্ট চলছে আমার মনে হয় সেটা আমাদের জন্য খনে খুবই আশা প্রদ এখটা ব্যাপ অযাপর দার ছোট্ট একটা জিনিস শের করতে চাই | D30: =IFERROR(__xludf.DUMMYFUNCTION("""COMPUTED_VALUE"""),"No") -> No | E30: =IFERROR(__xludf.DUMMYFUNCTION("""COMPUTED_VALUE"""),"Yes") -> Yes | F30: =IFERROR(__xludf.DUMMYFUNCTION("""COMPUTED_VALUE"""),"Yes") -> Yes | G30: =IFERROR(__xludf.DUMMYFUNCTION("""COMPUTED_VALUE"""),0.5) -> 0.5 | H30: =IFERROR(__xludf.DUMMYFUNCTION("""COMPUTED_VALUE"""),0.5) -> 0.5 | I30: =IFERROR(__xludf.DUMMYFUNCTION("""COMPUTED_VALUE"""),0.5) -> 0.5 | J30: =IFERROR(__xludf.DUMMYFUNCTION("""COMPUTED_VALUE"""),0.5) -> 0.5 | K30: =IFERROR(__xludf.DUMMYFUNCTION("""COMPUTED_VALUE"""),"4– Usable, minor flaws Minor background noise.") -> 4– Usable, minor flaws Minor background noise. | L30: =IFERROR(__xludf.DUMMYFUNCTION("""COMPUTED_VALUE"""),"No") -> No
A31: =IFERROR(__xludf.DUMMYFUNCTION("""COMPUTED_VALUE"""),"collect\read\YouTube\Bangladesh Television (BTV)\__yFg8a8Zb4\8b571761-dab1-4426-9d74-771504820762.flac") -> collect\read\YouTube\Bangladesh Television (BTV)\__yFg8a8Zb4\8b571761-dab1-4426-9d74-771504820762.flac | B31: =IFERROR(__xludf.DUMMYFUNCTION("""COMPUTED_VALUE"""),30.0) -> 30 | C31: =IFERROR(__xludf.DUMMYFUNCTION("""COMPUTED_VALUE"""),"প্িতযে হট স্পট বদলাচ্ছে করোনা সেটার কারণ কি আপনার কাছে মনে হয় একজন ফার্মাকোলজিস্ট হিসেবে আপনি কি মনে করেন এটুন মনে ফরমল হয়েছে বা চিকিৎসা নাম হয়ব যেটা বলল আমি তাসটে একন কারণ মানুষের মুবিলিটির সাথে এটা তো আর কোনো উপায় নাই সে ভাইরে স টা পরজীবি এবং এটা অন্য ক"&"োনভাবে মানুষ ছাড়া অন্য কোনভাবে এটা মুভমেন্টে তার পাখা নাই অন্য কিছু নেই") -> প্িতযে হট স্পট বদলাচ্ছে করোনা সেটার কারণ কি আপনার কাছে মনে হয় একজন ফার্মাকোলজিস্ট হিসেবে আপনি কি মনে করেন এটুন মনে ফরমল হয়েছে বা চিকিৎসা নাম হয়ব যেটা বলল আমি তাসটে একন কারণ মানুষের মুবিলিটির সাথে এটা তো আর কোনো উপায় নাই সে ভাইরে স টা পরজীবি এবং এটা অন্য কোনভাবে মানুষ ছাড়া অন্য কোনভাবে এটা মুভমেন্টে তার পাখা নাই অন্য কিছু নেই | D31: =IFERROR(__xludf.DUMMYFUNCTION("""COMPUTED_VALUE"""),"No") -> No | E31: =IFERROR(__xludf.DUMMYFUNCTION("""COMPUTED_VALUE"""),"Yes") -> Yes | F31: =IFERROR(__xludf.DUMMYFUNCTION("""COMPUTED_VALUE"""),"Yes") -> Yes | G31: =IFERROR(__xludf.DUMMYFUNCTION("""COMPUTED_VALUE"""),0.5) -> 0.5 | H31: =IFERROR(__xludf.DUMMYFUNCTION("""COMPUTED_VALUE"""),0.5) -> 0.5 | I31: =IFERROR(__xludf.DUMMYFUNCTION("""COMPUTED_VALUE"""),1.0) -> 1 | J31: =IFERROR(__xludf.DUMMYFUNCTION("""COMPUTED_VALUE"""),0.5) -> 0.5 | K31: =IFERROR(__xludf.DUMMYFUNCTION("""COMPUTED_VALUE"""),"4– Usable, minor flaws Minor background noise.") -> 4– Usable, minor flaws Minor background noise.
A32: =IFERROR(__xludf.DUMMYFUNCTION("""COMPUTED_VALUE"""),"collect\read\YouTube\Bangladesh Television (BTV)\__yFg8a8Zb4\8e6f75e5-e1c6-4d49-b224-fe5adcb74b6d.flac") -> collect\read\YouTube\Bangladesh Television (BTV)\__yFg8a8Zb4\8e6f75e5-e1c6-4d49-b224-fe5adcb74b6d.flac | B32: =IFERROR(__xludf.DUMMYFUNCTION("""COMPUTED_VALUE"""),30.0) -> 30 | C32: =IFERROR(__xludf.DUMMYFUNCTION("""COMPUTED_VALUE"""),"দ আমাদের মাঝখানে হুচট খেতে হয়েছে এটা নিয়ে অনেকেই হয়তো সমালোচনা করেন কিন্তু আমি কিন্তু আমি মোটেই এখানে সমালোচনার বিষয় দেখি না কারণ আমাদের কিন্তু টিকার যে আশ্বাস আমরা পেয়েছিলাম সিরাম ইনস্টিটিউট থেকে এবং কোভ্যাক্স থেকে তারা কিন্তু অনেকটিকে আমাদের আশ্বাস পেয়ে"&"ছিলাম পাশাপাশি অনেকে হয়তো বলে থাকেন যে আমরা কেনই রাশিয়া বা চীনের সঙ্গে আগে যোগাযোগ করিনি আমি একটু ভিন্নভাবে দেখি কারণ আমরা সবসময় কিন্তু ওয়ার্ল্ড হেলথ অর্গানেজেশন যে টিকাগুলিকে অনুমোদন দিয়েছে") -> দ আমাদের মাঝখানে হুচট খেতে হয়েছে এটা নিয়ে অনেকেই হয়তো সমালোচনা করেন কিন্তু আমি কিন্তু আমি মোটেই এখানে সমালোচনার বিষয় দেখি না কারণ আমাদের কিন্তু টিকার যে আশ্বাস আমরা পেয়েছিলাম সিরাম ইনস্টিটিউট থেকে এবং কোভ্যাক্স থেকে তারা কিন্তু অনেকটিকে আমাদের আশ্বাস পেয়েছিলাম পাশাপাশি অনেকে হয়তো বলে থাকেন যে আমরা কেনই রাশিয়া বা চীনের সঙ্গে আগে যোগাযোগ করিনি আমি একটু ভিন্নভাবে দেখি কারণ আমরা সবসময় কিন্তু ওয়ার্ল্ড হেলথ অর্গানেজেশন যে টিকাগুলিকে অনুমোদন দিয়েছে | D32: =IFERROR(__xludf.DUMMYFUNCTION("""COMPUTED_VALUE"""),"No") -> No | E32: =IFERROR(__xludf.DUMMYFUNCTION("""COMPUTED_VALUE"""),"Yes") -> Yes | F32: =IFERROR(__xludf.DUMMYFUNCTION("""COMPUTED_VALUE"""),"Yes") -> Yes | G32: =IFERROR(__xludf.DUMMYFUNCTION("""COMPUTED_VALUE"""),0.5) -> 0.5 | H32: =IFERROR(__xludf.DUMMYFUNCTION("""COMPUTED_VALUE"""),0.5) -> 0.5 | I32: =IFERROR(__xludf.DUMMYFUNCTION("""COMPUTED_VALUE"""),0.5) -> 0.5 | J32: =IFERROR(__xludf.DUMMYFUNCTION("""COMPUTED_VALUE"""),0.5) -> 0.5 | K32: =IFERROR(__xludf.DUMMYFUNCTION("""COMPUTED_VALUE"""),"4– Usable, minor flaws Minor background noise.") -> 4– Usable, minor flaws Minor background noise. | L32: =IFERROR(__xludf.DUMMYFUNCTION("""COMPUTED_VALUE"""),"No") -> No
A33: =IFERROR(__xludf.DUMMYFUNCTION("""COMPUTED_VALUE"""),"collect\read\YouTube\Bangladesh Television (BTV)\__yFg8a8Zb4\925be61d-0893-4f78-b8c9-8b899ea62d75.flac") -> collect\read\YouTube\Bangladesh Television (BTV)\__yFg8a8Zb4\925be61d-0893-4f78-b8c9-8b899ea62d75.flac | B33: =IFERROR(__xludf.DUMMYFUNCTION("""COMPUTED_VALUE"""),30.0) -> 30 | C33: =IFERROR(__xludf.DUMMYFUNCTION("""COMPUTED_VALUE"""),"সেটা আমরা যদি প্রথম টারটা যদি বলি আপনি জানেন যে টাকটাই মূলত লোহাঙ্গার লো পভার্টি তারপর হেলটের গুড হেলট এনড ওয়েলবিংনেস এবং তার নম্বরে যে এডুকেশন ইকুইটি অবে এডুকেশন ফর অল কোয়ালিটি এডুকেশন আমরা এরমধ্যেই এডুকেশনতো আমরা জানি পিথিবীর ইতিহাসে বিরল যে আমাদের মানন"&"ীয় প্রধানমন্ত্রী যে পদক্ষেপ প্রাথমিক বিদ্যালয় থে কি শুরু") -> সেটা আমরা যদি প্রথম টারটা যদি বলি আপনি জানেন যে টাকটাই মূলত লোহাঙ্গার লো পভার্টি তারপর হেলটের গুড হেলট এনড ওয়েলবিংনেস এবং তার নম্বরে যে এডুকেশন ইকুইটি অবে এডুকেশন ফর অল কোয়ালিটি এডুকেশন আমরা এরমধ্যেই এডুকেশনতো আমরা জানি পিথিবীর ইতিহাসে বিরল যে আমাদের মাননীয় প্রধানমন্ত্রী যে পদক্ষেপ প্রাথমিক বিদ্যালয় থে কি শুরু | D33: =IFERROR(__xludf.DUMMYFUNCTION("""COMPUTED_VALUE"""),"No") -> No | E33: =IFERROR(__xludf.DUMMYFUNCTION("""COMPUTED_VALUE"""),"Yes") -> Yes | F33: =IFERROR(__xludf.DUMMYFUNCTION("""COMPUTED_VALUE"""),"Yes") -> Yes | G33: =IFERROR(__xludf.DUMMYFUNCTION("""COMPUTED_VALUE"""),0.5) -> 0.5 | H33: =IFERROR(__xludf.DUMMYFUNCTION("""COMPUTED_VALUE"""),0.5) -> 0.5 | I33: =IFERROR(__xludf.DUMMYFUNCTION("""COMPUTED_VALUE"""),0.5) -> 0.5 | J33: =IFERROR(__xludf.DUMMYFUNCTION("""COMPUTED_VALUE"""),0.5) -> 0.5 | L33: =IFERROR(__xludf.DUMMYFUNCTION("""COMPUTED_VALUE"""),"Yes") -> Yes
A34: =IFERROR(__xludf.DUMMYFUNCTION("""COMPUTED_VALUE"""),"collect\read\YouTube\Bangladesh Television (BTV)\__yFg8a8Zb4\93080195-6311-4579-b65b-717641cbe2dd.flac") -> collect\read\YouTube\Bangladesh Television (BTV)\__yFg8a8Zb4\93080195-6311-4579-b65b-717641cbe2dd.flac | B34: =IFERROR(__xludf.DUMMYFUNCTION("""COMPUTED_VALUE"""),30.0) -> 30 | C34: =IFERROR(__xludf.DUMMYFUNCTION("""COMPUTED_VALUE"""),"বই টুড়ে দাওয়া থেকে যদি আমরা যদের হিসাব দিইটা কিছুট মানুষ চিন্তা করা কচাটা আমাদের বাংলাদেশ আমরা যেভাবে এডুকেশনে হেই এই ইমনি যাচ্ছে স্বাস্থ্য ক্ষেত্রে একটাই শুধু আমি গত মার্চ মাস থেকেই যে আমাদের যে মাননীয় প্রধানমন্ত্রী যখনই এপ্রিল মাসে সারা দেশের মানুষ সবাই"&" আমরা শিক্ষিত সমাজ বলি আমরা রাজনীতির বলি পেশাজমী বলি যারা যেখানে আছে আমরা দেখি") -> বই টুড়ে দাওয়া থেকে যদি আমরা যদের হিসাব দিইটা কিছুট মানুষ চিন্তা করা কচাটা আমাদের বাংলাদেশ আমরা যেভাবে এডুকেশনে হেই এই ইমনি যাচ্ছে স্বাস্থ্য ক্ষেত্রে একটাই শুধু আমি গত মার্চ মাস থেকেই যে আমাদের যে মাননীয় প্রধানমন্ত্রী যখনই এপ্রিল মাসে সারা দেশের মানুষ সবাই আমরা শিক্ষিত সমাজ বলি আমরা রাজনীতির বলি পেশাজমী বলি যারা যেখানে আছে আমরা দেখি | D34: =IFERROR(__xludf.DUMMYFUNCTION("""COMPUTED_VALUE"""),"No") -> No | E34: =IFERROR(__xludf.DUMMYFUNCTION("""COMPUTED_VALUE"""),"Yes") -> Yes | F34: =IFERROR(__xludf.DUMMYFUNCTION("""COMPUTED_VALUE"""),"Yes") -> Yes | G34: =IFERROR(__xludf.DUMMYFUNCTION("""COMPUTED_VALUE"""),0.5) -> 0.5 | H34: =IFERROR(__xludf.DUMMYFUNCTION("""COMPUTED_VALUE"""),0.5) -> 0.5 | I34: =IFERROR(__xludf.DUMMYFUNCTION("""COMPUTED_VALUE"""),1.0) -> 1 | J34: =IFERROR(__xludf.DUMMYFUNCTION("""COMPUTED_VALUE"""),0.5) -> 0.5 | K34: =IFERROR(__xludf.DUMMYFUNCTION("""COMPUTED_VALUE"""),"4– Usable, minor flaws Minor background noise.") -> 4– Usable, minor flaws Minor background noise. | L34: =IFERROR(__xludf.DUMMYFUNCTION("""COMPUTED_VALUE"""),"No") -> No
A35: =IFERROR(__xludf.DUMMYFUNCTION("""COMPUTED_VALUE"""),"collect\read\YouTube\Bangladesh Television (BTV)\__yFg8a8Zb4\9b1f9b22-20fc-4ffc-b13a-d7f7393ebab6.flac") -> collect\read\YouTube\Bangladesh Television (BTV)\__yFg8a8Zb4\9b1f9b22-20fc-4ffc-b13a-d7f7393ebab6.flac | B35: =IFERROR(__xludf.DUMMYFUNCTION("""COMPUTED_VALUE"""),30.0) -> 30 | C35: =IFERROR(__xludf.DUMMYFUNCTION("""COMPUTED_VALUE"""),"করেন সেটা হচ্ছে যে এই টিতাগুলো যে আসলো এই টিকাগুলো যারা তৈরি করল তারা কিন্তু এটার পেছনের মানে বিলিয়ন বিলিয়ন শত শত বিলিয়ন ডলার ইনভেস্ট করেই কিন্তু তারা এই টিকাটা পেয়েছে তো এই যে রাষ্ট্রীয় সম্পদ এবং রাষ্ট্রীয় তারা এক ধরনের গ্যামবলিং করেছে কি এই টিকা যে যতগু"&"লো এসেছিল সবগুলো কিন্তু কাজও করে না যেমন আপনি জানেন যে রিসেন্টলি আপনার একটা টিতা তারা কিন্তু রিট্র্যাক্ট করতে বাধ্য হয়েছে যেমন মানে সিঙ্গেল ডোজার একটা পিতার এটা গেম চেঞ্জার বলা হচ্ছিল তো সেটাকে কিন্তু আপনার") -> করেন সেটা হচ্ছে যে এই টিতাগুলো যে আসলো এই টিকাগুলো যারা তৈরি করল তারা কিন্তু এটার পেছনের মানে বিলিয়ন বিলিয়ন শত শত বিলিয়ন ডলার ইনভেস্ট করেই কিন্তু তারা এই টিকাটা পেয়েছে তো এই যে রাষ্ট্রীয় সম্পদ এবং রাষ্ট্রীয় তারা এক ধরনের গ্যামবলিং করেছে কি এই টিকা যে যতগুলো এসেছিল সবগুলো কিন্তু কাজও করে না যেমন আপনি জানেন যে রিসেন্টলি আপনার একটা টিতা তারা কিন্তু রিট্র্যাক্ট করতে বাধ্য হয়েছে যেমন মানে সিঙ্গেল ডোজার একটা পিতার এটা গেম চেঞ্জার বলা হচ্ছিল তো সেটাকে কিন্তু আপনার | D35: =IFERROR(__xludf.DUMMYFUNCTION("""COMPUTED_VALUE"""),"No") -> No | E35: =IFERROR(__xludf.DUMMYFUNCTION("""COMPUTED_VALUE"""),"No") -> No | F35: =IFERROR(__xludf.DUMMYFUNCTION("""COMPUTED_VALUE"""),"Yes") -> Yes | G35: =IFERROR(__xludf.DUMMYFUNCTION("""COMPUTED_VALUE"""),0.5) -> 0.5 | H35: =IFERROR(__xludf.DUMMYFUNCTION("""COMPUTED_VALUE"""),0.5) -> 0.5 | I35: =IFERROR(__xludf.DUMMYFUNCTION("""COMPUTED_VALUE"""),0.5) -> 0.5 | J35: =IFERROR(__xludf.DUMMYFUNCTION("""COMPUTED_VALUE"""),0.5) -> 0.5 | K35: =IFERROR(__xludf.DUMMYFUNCTION("""COMPUTED_VALUE"""),"4– Usable, minor flaws Minor background noise.") -> 4– Usable, minor flaws Minor background noise. | L35: =IFERROR(__xludf.DUMMYFUNCTION("""COMPUTED_VALUE"""),"No") -> No
A36: =IFERROR(__xludf.DUMMYFUNCTION("""COMPUTED_VALUE"""),"collect\read\YouTube\Bangladesh Television (BTV)\__yFg8a8Zb4\9d80ca60-e064-42cb-9f6c-6a2dded83caf.flac") -> collect\read\YouTube\Bangladesh Television (BTV)\__yFg8a8Zb4\9d80ca60-e064-42cb-9f6c-6a2dded83caf.flac | B36: =IFERROR(__xludf.DUMMYFUNCTION("""COMPUTED_VALUE"""),30.0) -> 30 | C36: =IFERROR(__xludf.DUMMYFUNCTION("""COMPUTED_VALUE"""),"পররাষ্ট্র মন্ত্রণালয়ে দুবার চিঠি দিয়েও কানাডার বেগমপাড়ার তথ্য পায়নি দুদক রোহিঙ্গাদের এনআইডি দেয়ার মামলার পরই বাদিকে বদলি করা নিয়ে প্রশ্ন পাতাল রেলের যুগে বাংলাদেশ আগামী মার্চেই কাজ শুরু এয়ারপোর্ট থেকে কমলাপুর এবং পূর্বাচল থেকে নতুনবাজার দুই ধাপে চলবে প্রক"&"ল্প উদ্বোধন দু হাজার ছাব্বিশে কানাখন্দে ভরা টঙ্গী থেকে গাজীপুর চৌ রাস্তা শেষ হয়নি সংস্কার কাজ তিন দফা সময় বাড়ি") -> পররাষ্ট্র মন্ত্রণালয়ে দুবার চিঠি দিয়েও কানাডার বেগমপাড়ার তথ্য পায়নি দুদক রোহিঙ্গাদের এনআইডি দেয়ার মামলার পরই বাদিকে বদলি করা নিয়ে প্রশ্ন পাতাল রেলের যুগে বাংলাদেশ আগামী মার্চেই কাজ শুরু এয়ারপোর্ট থেকে কমলাপুর এবং পূর্বাচল থেকে নতুনবাজার দুই ধাপে চলবে প্রকল্প উদ্বোধন দু হাজার ছাব্বিশে কানাখন্দে ভরা টঙ্গী থেকে গাজীপুর চৌ রাস্তা শেষ হয়নি সংস্কার কাজ তিন দফা সময় বাড়ি | D36: =IFERROR(__xludf.DUMMYFUNCTION("""COMPUTED_VALUE"""),"No") -> No | E36: =IFERROR(__xludf.DUMMYFUNCTION("""COMPUTED_VALUE"""),"No") -> No | F36: =IFERROR(__xludf.DUMMYFUNCTION("""COMPUTED_VALUE"""),"Yes") -> Yes | G36: =IFERROR(__xludf.DUMMYFUNCTION("""COMPUTED_VALUE"""),1.0) -> 1 | H36: =IFERROR(__xludf.DUMMYFUNCTION("""COMPUTED_VALUE"""),1.0) -> 1 | I36: =IFERROR(__xludf.DUMMYFUNCTION("""COMPUTED_VALUE"""),1.0) -> 1 | J36: =IFERROR(__xludf.DUMMYFUNCTION("""COMPUTED_VALUE"""),0.5) -> 0.5 | K36: =IFERROR(__xludf.DUMMYFUNCTION("""COMPUTED_VALUE"""),"5 – High-quality, Clean Bangla speech") -> 5 – High-quality, Clean Bangla speech | L36: =IFERROR(__xludf.DUMMYFUNCTION("""COMPUTED_VALUE"""),"No") -> No
A37: =IFERROR(__xludf.DUMMYFUNCTION("""COMPUTED_VALUE"""),"collect\read\YouTube\Bangladesh Television (BTV)\__yFg8a8Zb4\a2350ee7-9482-472f-b6e6-dc0a6dd66d17.flac") -> collect\read\YouTube\Bangladesh Television (BTV)\__yFg8a8Zb4\a2350ee7-9482-472f-b6e6-dc0a6dd66d17.flac | B37: =IFERROR(__xludf.DUMMYFUNCTION("""COMPUTED_VALUE"""),30.0) -> 30 | C37: =IFERROR(__xludf.DUMMYFUNCTION("""COMPUTED_VALUE"""),"বাংলাদেশ ্কসিনেশন প্রোগ্রামে এক্সপান্ডেড প্রোগ্রামার ভ্যাকসিনেশন বাংলাদেশ যা আছে সারা বিশ্বে ভ্যাকসিমেশন প্রোগ্রামে বাংলাদেশ অত্যন্ত সফল আমরা একটি দেশ যেজন্য আমরা মাননীয় প্রধানমন্ত্রী ভ্যাকসিন হিরো ইউএনসিকেও পেয়েছেন আপনারা জানেন এবং অত্যন্ত সুন্দরভাবে সূচ"&"ারুরু হয়ে যে ব্যাকসেনস প্রোগ্রাম শুরু হয়েছে এবং প্রত্যেকটা উপজেলা কেন্দ্র স্বাচ্শ কেন্দ্র ভূর্যন্ত একদম টার্চারি লেভেলের মেডিক্াল কলেজ হাসপাতাল মেডিক্যাল কলেজ") -> বাংলাদেশ ্কসিনেশন প্রোগ্রামে এক্সপান্ডেড প্রোগ্রামার ভ্যাকসিনেশন বাংলাদেশ যা আছে সারা বিশ্বে ভ্যাকসিমেশন প্রোগ্রামে বাংলাদেশ অত্যন্ত সফল আমরা একটি দেশ যেজন্য আমরা মাননীয় প্রধানমন্ত্রী ভ্যাকসিন হিরো ইউএনসিকেও পেয়েছেন আপনারা জানেন এবং অত্যন্ত সুন্দরভাবে সূচারুরু হয়ে যে ব্যাকসেনস প্রোগ্রাম শুরু হয়েছে এবং প্রত্যেকটা উপজেলা কেন্দ্র স্বাচ্শ কেন্দ্র ভূর্যন্ত একদম টার্চারি লেভেলের মেডিক্াল কলেজ হাসপাতাল মেডিক্যাল কলেজ | D37: =IFERROR(__xludf.DUMMYFUNCTION("""COMPUTED_VALUE"""),"No") -> No | E37: =IFERROR(__xludf.DUMMYFUNCTION("""COMPUTED_VALUE"""),"Yes") -> Yes | F37: =IFERROR(__xludf.DUMMYFUNCTION("""COMPUTED_VALUE"""),"No") -> No | G37: =IFERROR(__xludf.DUMMYFUNCTION("""COMPUTED_VALUE"""),0.5) -> 0.5 | H37: =IFERROR(__xludf.DUMMYFUNCTION("""COMPUTED_VALUE"""),0.5) -> 0.5 | I37: =IFERROR(__xludf.DUMMYFUNCTION("""COMPUTED_VALUE"""),0.5) -> 0.5 | J37: =IFERROR(__xludf.DUMMYFUNCTION("""COMPUTED_VALUE"""),0.5) -> 0.5 | K37: =IFERROR(__xludf.DUMMYFUNCTION("""COMPUTED_VALUE"""),"4– Usable, minor flaws Minor background noise.") -> 4– Usable, minor flaws Minor background noise. | L37: =IFERROR(__xludf.DUMMYFUNCTION("""COMPUTED_VALUE"""),"No") -> No
A38: =IFERROR(__xludf.DUMMYFUNCTION("""COMPUTED_VALUE"""),"collect\read\YouTube\Bangladesh Television (BTV)\__yFg8a8Zb4\a38d8511-2612-465a-bb27-d8c0a131fec4.flac") -> collect\read\YouTube\Bangladesh Television (BTV)\__yFg8a8Zb4\a38d8511-2612-465a-bb27-d8c0a131fec4.flac | B38: =IFERROR(__xludf.DUMMYFUNCTION("""COMPUTED_VALUE"""),30.0) -> 30 | C38: =IFERROR(__xludf.DUMMYFUNCTION("""COMPUTED_VALUE"""),"আমাদের অবশ্যই ভ্যাকসিনেশনের দিকে যেতে হবে আমাদের এইটি পার্সেন্ট পার্সেন্ট জনগণকে ভ্যাকসিন আমাদেরকে দিতে হবে সে ব্যাপারে মাননীয় প্রধানমন্ত্রী নিরলস চেষ্টা করে যাচ্ছেন তার সরকার নিরলস চেষ্টা করে যাচ্ছেন আমরা আশা করব যে যেটা বলা হলো যে জুলাই মাস থেকে আমরা ভ্"&"যাকসিন দিবো আমরা আশা করব যে সেটা অবশ্যই আমরা দেখতে পাবে এবং সেটা বাংলাদেশে নিশ্চয়ই আবার সে ভ্যাকসিনে সুন্দরভাবে ভ্যাকসিনেশন প্রক্রিয়া চালু হবে এবং আমরা করোনা থেকে মুক্ত থাকবে এব আমাদের শিক্ষা প্রতিষ্ঠান থেকে শুরু করে সব প্রতিষ্ঠান ব্য") -> আমাদের অবশ্যই ভ্যাকসিনেশনের দিকে যেতে হবে আমাদের এইটি পার্সেন্ট পার্সেন্ট জনগণকে ভ্যাকসিন আমাদেরকে দিতে হবে সে ব্যাপারে মাননীয় প্রধানমন্ত্রী নিরলস চেষ্টা করে যাচ্ছেন তার সরকার নিরলস চেষ্টা করে যাচ্ছেন আমরা আশা করব যে যেটা বলা হলো যে জুলাই মাস থেকে আমরা ভ্যাকসিন দিবো আমরা আশা করব যে সেটা অবশ্যই আমরা দেখতে পাবে এবং সেটা বাংলাদেশে নিশ্চয়ই আবার সে ভ্যাকসিনে সুন্দরভাবে ভ্যাকসিনেশন প্রক্রিয়া চালু হবে এবং আমরা করোনা থেকে মুক্ত থাকবে এব আমাদের শিক্ষা প্রতিষ্ঠান থেকে শুরু করে সব প্রতিষ্ঠান ব্য | D38: =IFERROR(__xludf.DUMMYFUNCTION("""COMPUTED_VALUE"""),"Yes") -> Yes | E38: =IFERROR(__xludf.DUMMYFUNCTION("""COMPUTED_VALUE"""),"No") -> No | F38: =IFERROR(__xludf.DUMMYFUNCTION("""COMPUTED_VALUE"""),"Yes") -> Yes | G38: =IFERROR(__xludf.DUMMYFUNCTION("""COMPUTED_VALUE"""),1.0) -> 1 | H38: =IFERROR(__xludf.DUMMYFUNCTION("""COMPUTED_VALUE"""),1.0) -> 1 | I38: =IFERROR(__xludf.DUMMYFUNCTION("""COMPUTED_VALUE"""),1.0) -> 1 | J38: =IFERROR(__xludf.DUMMYFUNCTION("""COMPUTED_VALUE"""),0.5) -> 0.5 | K38: =IFERROR(__xludf.DUMMYFUNCTION("""COMPUTED_VALUE"""),"4– Usable, minor flaws Minor background noise.") -> 4– Usable, minor flaws Minor background noise. | L38: =IFERROR(__xludf.DUMMYFUNCTION("""COMPUTED_VALUE"""),"No") -> No
A39: =IFERROR(__xludf.DUMMYFUNCTION("""COMPUTED_VALUE"""),"collect\read\YouTube\Bangladesh Television (BTV)\__yFg8a8Zb4\aae8e8d2-510e-4587-9686-0608dd31dce4.flac") -> collect\read\YouTube\Bangladesh Television (BTV)\__yFg8a8Zb4\aae8e8d2-510e-4587-9686-0608dd31dce4.flac | B39: =IFERROR(__xludf.DUMMYFUNCTION("""COMPUTED_VALUE"""),30.0) -> 30 | C39: =IFERROR(__xludf.DUMMYFUNCTION("""COMPUTED_VALUE"""),"ওদের সহায়তা করে টিকা উৎপাদন ব্যাপকভাবে টিকা উৎপাদন করে সারা বিশ্বব্যাপী মহামারীকে কন্ট্রোল করার মাধ্যমেও তো ব্যবসা করা সম্ভব আমি মনে করি যে মেধাস্বত্ব আইন যদি অন্যান্য দেশ যারা টিকা উৎপাদন করতে সক্ষম তাদেরকে সেটা দেয়া হয় সেখানেও কিন্তু তাদের সঙ্গে এগ্রিমে"&"ন্টে এসে ব্যবসা করা সম্ভব আজ যদি সেটা না করা হয় আমার কাছে কিছুটা মনে হচ্ছে যেটা মানবিক দৃষ্টিকোণ থেকে চিন্তা ভাবনা করলে সম্পূর্ণভাবে তার পরিপন্থী এবং এক ধরনের জিম্মি করা টিকাকে দেশে অন্যদেরকে না দেয়ার যে যে ধরনের তাদের") -> ওদের সহায়তা করে টিকা উৎপাদন ব্যাপকভাবে টিকা উৎপাদন করে সারা বিশ্বব্যাপী মহামারীকে কন্ট্রোল করার মাধ্যমেও তো ব্যবসা করা সম্ভব আমি মনে করি যে মেধাস্বত্ব আইন যদি অন্যান্য দেশ যারা টিকা উৎপাদন করতে সক্ষম তাদেরকে সেটা দেয়া হয় সেখানেও কিন্তু তাদের সঙ্গে এগ্রিমেন্টে এসে ব্যবসা করা সম্ভব আজ যদি সেটা না করা হয় আমার কাছে কিছুটা মনে হচ্ছে যেটা মানবিক দৃষ্টিকোণ থেকে চিন্তা ভাবনা করলে সম্পূর্ণভাবে তার পরিপন্থী এবং এক ধরনের জিম্মি করা টিকাকে দেশে অন্যদেরকে না দেয়ার যে যে ধরনের তাদের | D39: =IFERROR(__xludf.DUMMYFUNCTION("""COMPUTED_VALUE"""),"No") -> No | E39: =IFERROR(__xludf.DUMMYFUNCTION("""COMPUTED_VALUE"""),"No") -> No | F39: =IFERROR(__xludf.DUMMYFUNCTION("""COMPUTED_VALUE"""),"Yes") -> Yes | G39: =IFERROR(__xludf.DUMMYFUNCTION("""COMPUTED_VALUE"""),0.5) -> 0.5 | H39: =IFERROR(__xludf.DUMMYFUNCTION("""COMPUTED_VALUE"""),0.5) -> 0.5 | I39: =IFERROR(__xludf.DUMMYFUNCTION("""COMPUTED_VALUE"""),0.5) -> 0.5 | J39: =IFERROR(__xludf.DUMMYFUNCTION("""COMPUTED_VALUE"""),0.5) -> 0.5 | K39: =IFERROR(__xludf.DUMMYFUNCTION("""COMPUTED_VALUE"""),"4– Usable, minor flaws Minor background noise.") -> 4– Usable, minor flaws Minor background noise. | L39: =IFERROR(__xludf.DUMMYFUNCTION("""COMPUTED_VALUE"""),"No") -> No
A40: =IFERROR(__xludf.DUMMYFUNCTION("""COMPUTED_VALUE"""),"collect\read\YouTube\Bangladesh Television (BTV)\__yFg8a8Zb4\ad8c58d7-99a0-4a1d-9f8c-5ba4aca924b5.flac") -> collect\read\YouTube\Bangladesh Television (BTV)\__yFg8a8Zb4\ad8c58d7-99a0-4a1d-9f8c-5ba4aca924b5.flac | B40: =IFERROR(__xludf.DUMMYFUNCTION("""COMPUTED_VALUE"""),30.0) -> 30 | C40: =IFERROR(__xludf.DUMMYFUNCTION("""COMPUTED_VALUE"""),"তেষট্টি জনের মৃত্যু সীমান্তবর্তী জেলাগুলোতে বেড়ে চলেছে করোনা সংক্রমণ সংক্রমণ রোধে কঠোর লকডাউনসহ বাস্তবায়িত হচ্ছে নানা পদক্ষেপ করোনা রোগীর চাপে হাসপাতালে শয্যা বাড়িয়ও সামাল দেয়া যাচ্ছে না নমুনা পরীক্ষায় অনিয়মের অভিযোগ চব্বিশ ঘণ্টায় মৃত তেষট্টি জনের তেত্রিশ"&" জন ই খুলনা ও রাজশাহী বিভাগের দেশব্যাপী লকডাউন দেয়ার নতুন কোনো পরিকল্পনা নেই জুলাই থেকে আবারো গণটিকা কার্যক্রম") -> তেষট্টি জনের মৃত্যু সীমান্তবর্তী জেলাগুলোতে বেড়ে চলেছে করোনা সংক্রমণ সংক্রমণ রোধে কঠোর লকডাউনসহ বাস্তবায়িত হচ্ছে নানা পদক্ষেপ করোনা রোগীর চাপে হাসপাতালে শয্যা বাড়িয়ও সামাল দেয়া যাচ্ছে না নমুনা পরীক্ষায় অনিয়মের অভিযোগ চব্বিশ ঘণ্টায় মৃত তেষট্টি জনের তেত্রিশ জন ই খুলনা ও রাজশাহী বিভাগের দেশব্যাপী লকডাউন দেয়ার নতুন কোনো পরিকল্পনা নেই জুলাই থেকে আবারো গণটিকা কার্যক্রম | D40: =IFERROR(__xludf.DUMMYFUNCTION("""COMPUTED_VALUE"""),"No") -> No | E40: =IFERROR(__xludf.DUMMYFUNCTION("""COMPUTED_VALUE"""),"No") -> No | F40: =IFERROR(__xludf.DUMMYFUNCTION("""COMPUTED_VALUE"""),"No") -> No | G40: =IFERROR(__xludf.DUMMYFUNCTION("""COMPUTED_VALUE"""),1.0) -> 1 | H40: =IFERROR(__xludf.DUMMYFUNCTION("""COMPUTED_VALUE"""),1.0) -> 1 | I40: =IFERROR(__xludf.DUMMYFUNCTION("""COMPUTED_VALUE"""),1.0) -> 1 | J40: =IFERROR(__xludf.DUMMYFUNCTION("""COMPUTED_VALUE"""),0.5) -> 0.5 | K40: =IFERROR(__xludf.DUMMYFUNCTION("""COMPUTED_VALUE"""),"5 – High-quality, Clean Bangla speech") -> 5 – High-quality, Clean Bangla speech | L40: =IFERROR(__xludf.DUMMYFUNCTION("""COMPUTED_VALUE"""),"No") -> No
A41: =IFERROR(__xludf.DUMMYFUNCTION("""COMPUTED_VALUE"""),"collect\read\YouTube\Bangladesh Television (BTV)\__yFg8a8Zb4\b5d561ff-f07f-46bd-9e94-b6ef5a084f18.flac") -> collect\read\YouTube\Bangladesh Television (BTV)\__yFg8a8Zb4\b5d561ff-f07f-46bd-9e94-b6ef5a084f18.flac | B41: =IFERROR(__xludf.DUMMYFUNCTION("""COMPUTED_VALUE"""),30.0) -> 30 | C41: =IFERROR(__xludf.DUMMYFUNCTION("""COMPUTED_VALUE"""),"সেখানে কঠোর লকডাউন দেয়া হয়েছিল কঠোর লকডাউন এবং জনগণের সচেতনতার কারণেই কিন্তু সেই ফলটা আমরা পেয়েছি এবং যে কারণে কিন্তু সেখানে সংক্রমণের মাত্রা এখন কমে গিয়েছে আর ব্রাহ্মণবাড়িয়াতে যে ঘটনাটি ঘটেছে যেটা প্রফেসর স্পাইল আসন বললেন যে সেখানে আসলে ত্রিপুরার সঙ্গে স"&"েই ধরনের হয়তো যোগাযোগ নায় সেই ধরনের মোবিলিটি নাই যে কারণে হয়তো সেখানে আমাদের ওইভাবে সংক্রমণটা হচ্ছে না আরেকটি বিষয় যেটা বলা হয়েছে যে এখানে ভ্যারিয়েন্টের একটা ব্যাপার আছে যদিও আমি জানিনা ব্রহ্ম") -> সেখানে কঠোর লকডাউন দেয়া হয়েছিল কঠোর লকডাউন এবং জনগণের সচেতনতার কারণেই কিন্তু সেই ফলটা আমরা পেয়েছি এবং যে কারণে কিন্তু সেখানে সংক্রমণের মাত্রা এখন কমে গিয়েছে আর ব্রাহ্মণবাড়িয়াতে যে ঘটনাটি ঘটেছে যেটা প্রফেসর স্পাইল আসন বললেন যে সেখানে আসলে ত্রিপুরার সঙ্গে সেই ধরনের হয়তো যোগাযোগ নায় সেই ধরনের মোবিলিটি নাই যে কারণে হয়তো সেখানে আমাদের ওইভাবে সংক্রমণটা হচ্ছে না আরেকটি বিষয় যেটা বলা হয়েছে যে এখানে ভ্যারিয়েন্টের একটা ব্যাপার আছে যদিও আমি জানিনা ব্রহ্ম | D41: =IFERROR(__xludf.DUMMYFUNCTION("""COMPUTED_VALUE"""),"No") -> No | E41: =IFERROR(__xludf.DUMMYFUNCTION("""COMPUTED_VALUE"""),"No") -> No | F41: =IFERROR(__xludf.DUMMYFUNCTION("""COMPUTED_VALUE"""),"Yes") -> Yes | G41: =IFERROR(__xludf.DUMMYFUNCTION("""COMPUTED_VALUE"""),0.5) -> 0.5 | H41: =IFERROR(__xludf.DUMMYFUNCTION("""COMPUTED_VALUE"""),1.0) -> 1 | I41: =IFERROR(__xludf.DUMMYFUNCTION("""COMPUTED_VALUE"""),0.5) -> 0.5 | J41: =IFERROR(__xludf.DUMMYFUNCTION("""COMPUTED_VALUE"""),0.5) -> 0.5 | K41: =IFERROR(__xludf.DUMMYFUNCTION("""COMPUTED_VALUE"""),"4– Usable, minor flaws Minor background noise.") -> 4– Usable, minor flaws Minor background noise. | L41: =IFERROR(__xludf.DUMMYFUNCTION("""COMPUTED_VALUE"""),"No") -> No
A42: =IFERROR(__xludf.DUMMYFUNCTION("""COMPUTED_VALUE"""),"collect\read\YouTube\Bangladesh Television (BTV)\__yFg8a8Zb4\b925f164-b702-4ba2-9ff2-c1063160ed77.flac") -> collect\read\YouTube\Bangladesh Television (BTV)\__yFg8a8Zb4\b925f164-b702-4ba2-9ff2-c1063160ed77.flac | B42: =IFERROR(__xludf.DUMMYFUNCTION("""COMPUTED_VALUE"""),30.0) -> 30 | C42: =IFERROR(__xludf.DUMMYFUNCTION("""COMPUTED_VALUE"""),"চিন আমরা বাকি সেভেন্টি ফাইভ পার্সেন্ট যে অন্য জায়গায় চলে যাচ্ছে তা আমার মনে হয় যে এটা একটা বড় মানে কারণ যে আমাদের স্বাস্থ্য ব্যবস্থাটার যে এই যে ল্যাট অপ সাস্পেনেবিলিটি বা লেগ অব রেজিলিয়েন্স এটা একটা বড় কারণ হতে পারে নিশ্চয়টো এটা আপনার আপনার বিশ্লেষণতে যথ"&"ার্থ কিন্তু প্তিনিয়ত হট স্পট যে বদলাচ্ছে করো না এবারের শেষ কোথায় এটাও তো বোঝ হও মুশকিল আপনার বিষ্টে সময় কী বলে জ্বিজি ধন্যবাদ প্রতিনিয়ত হট স্পট বদলানোর আসলে কারণটা হলো") -> চিন আমরা বাকি সেভেন্টি ফাইভ পার্সেন্ট যে অন্য জায়গায় চলে যাচ্ছে তা আমার মনে হয় যে এটা একটা বড় মানে কারণ যে আমাদের স্বাস্থ্য ব্যবস্থাটার যে এই যে ল্যাট অপ সাস্পেনেবিলিটি বা লেগ অব রেজিলিয়েন্স এটা একটা বড় কারণ হতে পারে নিশ্চয়টো এটা আপনার আপনার বিশ্লেষণতে যথার্থ কিন্তু প্তিনিয়ত হট স্পট যে বদলাচ্ছে করো না এবারের শেষ কোথায় এটাও তো বোঝ হও মুশকিল আপনার বিষ্টে সময় কী বলে জ্বিজি ধন্যবাদ প্রতিনিয়ত হট স্পট বদলানোর আসলে কারণটা হলো | D42: =IFERROR(__xludf.DUMMYFUNCTION("""COMPUTED_VALUE"""),"No") -> No | E42: =IFERROR(__xludf.DUMMYFUNCTION("""COMPUTED_VALUE"""),"Yes") -> Yes | F42: =IFERROR(__xludf.DUMMYFUNCTION("""COMPUTED_VALUE"""),"Yes") -> Yes | G42: =IFERROR(__xludf.DUMMYFUNCTION("""COMPUTED_VALUE"""),0.5) -> 0.5 | H42: =IFERROR(__xludf.DUMMYFUNCTION("""COMPUTED_VALUE"""),0.5) -> 0.5 | I42: =IFERROR(__xludf.DUMMYFUNCTION("""COMPUTED_VALUE"""),0.5) -> 0.5 | J42: =IFERROR(__xludf.DUMMYFUNCTION("""COMPUTED_VALUE"""),0.5) -> 0.5 | K42: =IFERROR(__xludf.DUMMYFUNCTION("""COMPUTED_VALUE"""),"4– Usable, minor flaws Minor background noise.") -> 4– Usable, minor flaws Minor background noise. | L42: =IFERROR(__xludf.DUMMYFUNCTION("""COMPUTED_VALUE"""),"No") -> No
A43: =IFERROR(__xludf.DUMMYFUNCTION("""COMPUTED_VALUE"""),"collect\read\YouTube\Bangladesh Television (BTV)\__yFg8a8Zb4\b998c1a4-cfa3-4b8c-b996-fc8547443393.flac") -> collect\read\YouTube\Bangladesh Television (BTV)\__yFg8a8Zb4\b998c1a4-cfa3-4b8c-b996-fc8547443393.flac | B43: =IFERROR(__xludf.DUMMYFUNCTION("""COMPUTED_VALUE"""),30.0) -> 30 | C43: =IFERROR(__xludf.DUMMYFUNCTION("""COMPUTED_VALUE"""),"যে বাংলাদেশ যে টিকা দেওয়ার ক্ষেত্রে যেভাবে শুরু করা হয়েছিল মাননীয় প্রধানমন্ত্রী এবং তার সরকার যেভাবে টিকা ব্যবস্থাপনা অত্যন্ত সুন্দরভাবে সারা দেবরাফী টিকা দেওয়া শুরু হয়েছিল এটা কিন্তু বিশ্বে দারুণভাবে প্রশংসিত হয়েছিল এবং এটাকে আমরা একটা ইমপ্রেসিভ স্টার্ট "&"বলতে পারি এবং আমরা প্রতিদিন আড়াই লক্ষ করে টিকা দেওয়া হয়েছিল এবং টিকার আমরা যে টিকা পেয়েছিলাম সেটা কিন্তু খুব সুচারী") -> যে বাংলাদেশ যে টিকা দেওয়ার ক্ষেত্রে যেভাবে শুরু করা হয়েছিল মাননীয় প্রধানমন্ত্রী এবং তার সরকার যেভাবে টিকা ব্যবস্থাপনা অত্যন্ত সুন্দরভাবে সারা দেবরাফী টিকা দেওয়া শুরু হয়েছিল এটা কিন্তু বিশ্বে দারুণভাবে প্রশংসিত হয়েছিল এবং এটাকে আমরা একটা ইমপ্রেসিভ স্টার্ট বলতে পারি এবং আমরা প্রতিদিন আড়াই লক্ষ করে টিকা দেওয়া হয়েছিল এবং টিকার আমরা যে টিকা পেয়েছিলাম সেটা কিন্তু খুব সুচারী | D43: =IFERROR(__xludf.DUMMYFUNCTION("""COMPUTED_VALUE"""),"No") -> No | E43: =IFERROR(__xludf.DUMMYFUNCTION("""COMPUTED_VALUE"""),"No") -> No | F43: =IFERROR(__xludf.DUMMYFUNCTION("""COMPUTED_VALUE"""),"Yes") -> Yes | G43: =IFERROR(__xludf.DUMMYFUNCTION("""COMPUTED_VALUE"""),0.5) -> 0.5 | H43: =IFERROR(__xludf.DUMMYFUNCTION("""COMPUTED_VALUE"""),0.5) -> 0.5 | I43: =IFERROR(__xludf.DUMMYFUNCTION("""COMPUTED_VALUE"""),0.5) -> 0.5 | J43: =IFERROR(__xludf.DUMMYFUNCTION("""COMPUTED_VALUE"""),0.5) -> 0.5 | K43: =IFERROR(__xludf.DUMMYFUNCTION("""COMPUTED_VALUE"""),"4– Usable, minor flaws Minor background noise.") -> 4– Usable, minor flaws Minor background noise. | L43: =IFERROR(__xludf.DUMMYFUNCTION("""COMPUTED_VALUE"""),"No") -> No
A44: =IFERROR(__xludf.DUMMYFUNCTION("""COMPUTED_VALUE"""),"collect\read\YouTube\Bangladesh Television (BTV)\__yFg8a8Zb4\b9dc8bfd-2cea-4ff9-830c-e9564b893193.flac") -> collect\read\YouTube\Bangladesh Television (BTV)\__yFg8a8Zb4\b9dc8bfd-2cea-4ff9-830c-e9564b893193.flac | B44: =IFERROR(__xludf.DUMMYFUNCTION("""COMPUTED_VALUE"""),30.0) -> 30 | C44: =IFERROR(__xludf.DUMMYFUNCTION("""COMPUTED_VALUE"""),"য়াতে কোনো ভ্ারিয়েন্ট এ পর্যন্ত ধরা পড়েছে কিনা আমরা চাঁপাইনবাবগঞ্জে কিন্তু ইন্ডিয়ান ভোরিয়েন্টটা কিন্তু সেটা ধরা পড়েছে ব্রাহ্মণবাড়িয়ার যে সংক্রমণটা হচ্ছে সেখানে কিন্তু সেই ধরনের এখন পর্যন্ত ডেল্টা ভ্যারিয়েন্ট ধরা পড়েছে বা সে ধরনের তথ্য আমরা পায়নি হয়তো সেখান"&"ে সংক্রমণ কম থাকার কারণও সেখানে সেই ধরনের সিকোয়েন্সিং করা হয়নি সেটা একটা কারণ হতে পারে আর আমাদের দেশে যে সংক্রমণের যে মাত্রা তা আমি যদি এখন বলি ঢাকা শহরে যদি সাত থেকে আট পার্সেন্ট আমি বলি যদি ব্যাপকভাবে যদি আমাদের এখানে টেস্ট করা হয় তাহলে নিশ্চয়ই এই সংক্র"&"মণের র‌্য পার্সেন্ট েস্টে কুমি") -> য়াতে কোনো ভ্ারিয়েন্ট এ পর্যন্ত ধরা পড়েছে কিনা আমরা চাঁপাইনবাবগঞ্জে কিন্তু ইন্ডিয়ান ভোরিয়েন্টটা কিন্তু সেটা ধরা পড়েছে ব্রাহ্মণবাড়িয়ার যে সংক্রমণটা হচ্ছে সেখানে কিন্তু সেই ধরনের এখন পর্যন্ত ডেল্টা ভ্যারিয়েন্ট ধরা পড়েছে বা সে ধরনের তথ্য আমরা পায়নি হয়তো সেখানে সংক্রমণ কম থাকার কারণও সেখানে সেই ধরনের সিকোয়েন্সিং করা হয়নি সেটা একটা কারণ হতে পারে আর আমাদের দেশে যে সংক্রমণের যে মাত্রা তা আমি যদি এখন বলি ঢাকা শহরে যদি সাত থেকে আট পার্সেন্ট আমি বলি যদি ব্যাপকভাবে যদি আমাদের এখানে টেস্ট করা হয় তাহলে নিশ্চয়ই এই সংক্রমণের র‌্য পার্সেন্ট েস্টে কুমি | D44: =IFERROR(__xludf.DUMMYFUNCTION("""COMPUTED_VALUE"""),"No") -> No | E44: =IFERROR(__xludf.DUMMYFUNCTION("""COMPUTED_VALUE"""),"Yes") -> Yes | F44: =IFERROR(__xludf.DUMMYFUNCTION("""COMPUTED_VALUE"""),"Yes") -> Yes | G44: =IFERROR(__xludf.DUMMYFUNCTION("""COMPUTED_VALUE"""),0.5) -> 0.5 | H44: =IFERROR(__xludf.DUMMYFUNCTION("""COMPUTED_VALUE"""),0.5) -> 0.5 | I44: =IFERROR(__xludf.DUMMYFUNCTION("""COMPUTED_VALUE"""),0.5) -> 0.5 | J44: =IFERROR(__xludf.DUMMYFUNCTION("""COMPUTED_VALUE"""),0.5) -> 0.5 | K44: =IFERROR(__xludf.DUMMYFUNCTION("""COMPUTED_VALUE"""),"4– Usable, minor flaws Minor background noise.") -> 4– Usable, minor flaws Minor background noise. | L44: =IFERROR(__xludf.DUMMYFUNCTION("""COMPUTED_VALUE"""),"No") -> No
A45: =IFERROR(__xludf.DUMMYFUNCTION("""COMPUTED_VALUE"""),"collect\read\YouTube\Bangladesh Television (BTV)\__yFg8a8Zb4\c33a080b-ab89-4300-96b2-5e9cd5c2ee8f.flac") -> collect\read\YouTube\Bangladesh Television (BTV)\__yFg8a8Zb4\c33a080b-ab89-4300-96b2-5e9cd5c2ee8f.flac | B45: =IFERROR(__xludf.DUMMYFUNCTION("""COMPUTED_VALUE"""),30.0) -> 30 | C45: =IFERROR(__xludf.DUMMYFUNCTION("""COMPUTED_VALUE"""),"সিবিচার এই পেনডেমি একশো বছরে এই প্রথম এটা গিম তৈরি করুক যাই করুক ইন শুডপি ইউনভার্সাল প্রজাকটেন এএপডি পার্সন যাচা ইসমাইল খান আপনি নিশ্চয়ই অবগত আছেন সেপ্টেম্বর মাসের শেষ সপ্তাহে মাননীয় প্রধানমন্ত্রী জাতিসংঘের সধরণ অধিবেশনে খুব স্পষ্ট কেরে বলেছিলেন একেবারে ব"&"লেছেন যে এই যে ভ্যাকসিন প্রক্রিয়ায় যে মেধাস্বত্ব আইন") -> সিবিচার এই পেনডেমি একশো বছরে এই প্রথম এটা গিম তৈরি করুক যাই করুক ইন শুডপি ইউনভার্সাল প্রজাকটেন এএপডি পার্সন যাচা ইসমাইল খান আপনি নিশ্চয়ই অবগত আছেন সেপ্টেম্বর মাসের শেষ সপ্তাহে মাননীয় প্রধানমন্ত্রী জাতিসংঘের সধরণ অধিবেশনে খুব স্পষ্ট কেরে বলেছিলেন একেবারে বলেছেন যে এই যে ভ্যাকসিন প্রক্রিয়ায় যে মেধাস্বত্ব আইন | D45: =IFERROR(__xludf.DUMMYFUNCTION("""COMPUTED_VALUE"""),"No") -> No | E45: =IFERROR(__xludf.DUMMYFUNCTION("""COMPUTED_VALUE"""),"Yes") -> Yes | F45: =IFERROR(__xludf.DUMMYFUNCTION("""COMPUTED_VALUE"""),"Yes") -> Yes | G45: =IFERROR(__xludf.DUMMYFUNCTION("""COMPUTED_VALUE"""),0.5) -> 0.5 | H45: =IFERROR(__xludf.DUMMYFUNCTION("""COMPUTED_VALUE"""),0.5) -> 0.5 | I45: =IFERROR(__xludf.DUMMYFUNCTION("""COMPUTED_VALUE"""),0.5) -> 0.5 | J45: =IFERROR(__xludf.DUMMYFUNCTION("""COMPUTED_VALUE"""),0.5) -> 0.5 | K45: =IFERROR(__xludf.DUMMYFUNCTION("""COMPUTED_VALUE"""),"4– Usable, minor flaws Minor background noise.") -> 4– Usable, minor flaws Minor background noise. | L45: =IFERROR(__xludf.DUMMYFUNCTION("""COMPUTED_VALUE"""),"Yes") -> Yes
A46: =IFERROR(__xludf.DUMMYFUNCTION("""COMPUTED_VALUE"""),"collect\read\YouTube\Bangladesh Television (BTV)\__yFg8a8Zb4\c57c64ce-2562-47f7-85f0-23efb02dc39b.flac") -> collect\read\YouTube\Bangladesh Television (BTV)\__yFg8a8Zb4\c57c64ce-2562-47f7-85f0-23efb02dc39b.flac | B46: =IFERROR(__xludf.DUMMYFUNCTION("""COMPUTED_VALUE"""),30.0) -> 30 | C46: =IFERROR(__xludf.DUMMYFUNCTION("""COMPUTED_VALUE"""),"পক্ষা করতে পেরেছি হবে আমি এখনো পারতেছি আমি ে া ি এটা একটা কথা বলেনি সার্সন হ আপনি এখন ফর্মাসি এ মাননীয় প্রধানমন্ত্রী সংসদে যেটা বলেছেন শুধুমাত্র আমরা ঠিকা এইটা উনি যেভাবে ডিকার করেছেন ইট টুড মিয়ের ইভিভার্সাল অব প্রোডাক্ট ওই যে মাহবু বলেছে ছাড়া পৃথিবীতে টি"&"কা ডিপ্লোমেসিং এই মাননীয় প্রধানমন্ত্র প্রথম উচ্চারণ করেছেন") -> পক্ষা করতে পেরেছি হবে আমি এখনো পারতেছি আমি ে া ি এটা একটা কথা বলেনি সার্সন হ আপনি এখন ফর্মাসি এ মাননীয় প্রধানমন্ত্রী সংসদে যেটা বলেছেন শুধুমাত্র আমরা ঠিকা এইটা উনি যেভাবে ডিকার করেছেন ইট টুড মিয়ের ইভিভার্সাল অব প্রোডাক্ট ওই যে মাহবু বলেছে ছাড়া পৃথিবীতে টিকা ডিপ্লোমেসিং এই মাননীয় প্রধানমন্ত্র প্রথম উচ্চারণ করেছেন | D46: =IFERROR(__xludf.DUMMYFUNCTION("""COMPUTED_VALUE"""),"No") -> No | E46: =IFERROR(__xludf.DUMMYFUNCTION("""COMPUTED_VALUE"""),"Yes") -> Yes | F46: =IFERROR(__xludf.DUMMYFUNCTION("""COMPUTED_VALUE"""),"Yes") -> Yes | G46: =IFERROR(__xludf.DUMMYFUNCTION("""COMPUTED_VALUE"""),0.5) -> 0.5 | H46: =IFERROR(__xludf.DUMMYFUNCTION("""COMPUTED_VALUE"""),0.5) -> 0.5 | I46: =IFERROR(__xludf.DUMMYFUNCTION("""COMPUTED_VALUE"""),1.0) -> 1 | J46: =IFERROR(__xludf.DUMMYFUNCTION("""COMPUTED_VALUE"""),0.5) -> 0.5 | K46: =IFERROR(__xludf.DUMMYFUNCTION("""COMPUTED_VALUE"""),"4– Usable, minor flaws Minor background noise.") -> 4– Usable, minor flaws Minor background noise. | L46: =IFERROR(__xludf.DUMMYFUNCTION("""COMPUTED_VALUE"""),"No") -> No
A47: =IFERROR(__xludf.DUMMYFUNCTION("""COMPUTED_VALUE"""),"collect\read\YouTube\Bangladesh Television (BTV)\__yFg8a8Zb4\c71292ac-f4dd-4bd5-927d-fe2959223dbe.flac") -> collect\read\YouTube\Bangladesh Television (BTV)\__yFg8a8Zb4\c71292ac-f4dd-4bd5-927d-fe2959223dbe.flac | B47: =IFERROR(__xludf.DUMMYFUNCTION("""COMPUTED_VALUE"""),30.0) -> 30 | C47: =IFERROR(__xludf.DUMMYFUNCTION("""COMPUTED_VALUE"""),"ইসিক্সটি ডিগ্রি কাভারেজ অলরেডি দিয়ে ফেলেছেন শুধু আমি একটা জিনিস এড করতে চাই যে ভ্যাকসিন ডিপ্লোমেসি এটা কিন্তু একটা যুদ্ধকালীন অবস্থা তো আমরা সিচুয়েশন দেখেছি পুরো পৃথিবীতে আমরা আমাদের লাইফ টাইমে তো বিশ্বযুদ্ধ দেখি নাই কিন্তু বিশ্বযুদ্ধ চলাকালীন সময়ে যেরকম "&"মানে একটা দেশের সাথে আরেকটা দেশে যেভাবে কারাকারি বা যে যে ধরনের ডিপ্লোমেসি হয় আমরা অনেকটা ভ্যাকসিন ডিপ্লোমেসির ক্ষেত্রে সেরকমটা দেখেছি তো এই যে টানাটানি টাগফ ফওয়ারের মধ্যেও যে আমাদের সরকার চমৎকারভাবে ওয়ান এজ ওয়ানও") -> ইসিক্সটি ডিগ্রি কাভারেজ অলরেডি দিয়ে ফেলেছেন শুধু আমি একটা জিনিস এড করতে চাই যে ভ্যাকসিন ডিপ্লোমেসি এটা কিন্তু একটা যুদ্ধকালীন অবস্থা তো আমরা সিচুয়েশন দেখেছি পুরো পৃথিবীতে আমরা আমাদের লাইফ টাইমে তো বিশ্বযুদ্ধ দেখি নাই কিন্তু বিশ্বযুদ্ধ চলাকালীন সময়ে যেরকম মানে একটা দেশের সাথে আরেকটা দেশে যেভাবে কারাকারি বা যে যে ধরনের ডিপ্লোমেসি হয় আমরা অনেকটা ভ্যাকসিন ডিপ্লোমেসির ক্ষেত্রে সেরকমটা দেখেছি তো এই যে টানাটানি টাগফ ফওয়ারের মধ্যেও যে আমাদের সরকার চমৎকারভাবে ওয়ান এজ ওয়ানও | D47: =IFERROR(__xludf.DUMMYFUNCTION("""COMPUTED_VALUE"""),"Yes") -> Yes | E47: =IFERROR(__xludf.DUMMYFUNCTION("""COMPUTED_VALUE"""),"No") -> No | F47: =IFERROR(__xludf.DUMMYFUNCTION("""COMPUTED_VALUE"""),"No") -> No | G47: =IFERROR(__xludf.DUMMYFUNCTION("""COMPUTED_VALUE"""),1.0) -> 1 | H47: =IFERROR(__xludf.DUMMYFUNCTION("""COMPUTED_VALUE"""),0.5) -> 0.5 | I47: =IFERROR(__xludf.DUMMYFUNCTION("""COMPUTED_VALUE"""),1.0) -> 1 | J47: =IFERROR(__xludf.DUMMYFUNCTION("""COMPUTED_VALUE"""),0.5) -> 0.5 | K47: =IFERROR(__xludf.DUMMYFUNCTION("""COMPUTED_VALUE"""),"4– Usable, minor flaws Minor background noise.") -> 4– Usable, minor flaws Minor background noise. | L47: =IFERROR(__xludf.DUMMYFUNCTION("""COMPUTED_VALUE"""),"Yes") -> Yes
A48: =IFERROR(__xludf.DUMMYFUNCTION("""COMPUTED_VALUE"""),"collect\read\YouTube\Bangladesh Television (BTV)\__yFg8a8Zb4\c9339a63-beea-4c73-b223-3fcfae440557.flac") -> collect\read\YouTube\Bangladesh Television (BTV)\__yFg8a8Zb4\c9339a63-beea-4c73-b223-3fcfae440557.flac | B48: =IFERROR(__xludf.DUMMYFUNCTION("""COMPUTED_VALUE"""),30.0) -> 30 | C48: =IFERROR(__xludf.DUMMYFUNCTION("""COMPUTED_VALUE"""),"দেখাগুলো এসেছে এটা সঠিক কারণ এটা মানুষের মোবিলিটির উপর ডিপেন্ড করে এখন ব্রাহ্মণবাড়িয়াতে হয়তো ওই ধরনের চলাচল নায় আমরা দেখেছি যে চাঁপাইনবাবগঞ্জে প্রথমে কিন্তু ট্রাক ড্রাইভাররা যখন এসেছে তাদের মাধ্যমে কিন্তু তারা মাস্ক না পড়ে বিভিন্ন জায়গায় ঘুরে বেড়িয়েছে এবং"&" প্রথম দিকে চাঁপাইনবাবগঞ্জের জনগণের ভিতর কিন্তু স্বাস্থ্যবিধি মেন্টেইন করা এ বিষয়ে কোন সচেতনতা ছিল না আপনি যেটা একটু আগে বলেছেন যে চাঁপাইনবাবগঞ্জে এখন কমে যাচ্ছে চাপাই রবাবগঞ্জে যখন ধরা পড়েছে করোনার যখন সংক্রমণ বেড়ে যাচ্ছিল তখন জনগণে একটু সচেতন") -> দেখাগুলো এসেছে এটা সঠিক কারণ এটা মানুষের মোবিলিটির উপর ডিপেন্ড করে এখন ব্রাহ্মণবাড়িয়াতে হয়তো ওই ধরনের চলাচল নায় আমরা দেখেছি যে চাঁপাইনবাবগঞ্জে প্রথমে কিন্তু ট্রাক ড্রাইভাররা যখন এসেছে তাদের মাধ্যমে কিন্তু তারা মাস্ক না পড়ে বিভিন্ন জায়গায় ঘুরে বেড়িয়েছে এবং প্রথম দিকে চাঁপাইনবাবগঞ্জের জনগণের ভিতর কিন্তু স্বাস্থ্যবিধি মেন্টেইন করা এ বিষয়ে কোন সচেতনতা ছিল না আপনি যেটা একটু আগে বলেছেন যে চাঁপাইনবাবগঞ্জে এখন কমে যাচ্ছে চাপাই রবাবগঞ্জে যখন ধরা পড়েছে করোনার যখন সংক্রমণ বেড়ে যাচ্ছিল তখন জনগণে একটু সচেতন | D48: =IFERROR(__xludf.DUMMYFUNCTION("""COMPUTED_VALUE"""),"No") -> No | E48: =IFERROR(__xludf.DUMMYFUNCTION("""COMPUTED_VALUE"""),"Yes") -> Yes | F48: =IFERROR(__xludf.DUMMYFUNCTION("""COMPUTED_VALUE"""),"No") -> No | G48: =IFERROR(__xludf.DUMMYFUNCTION("""COMPUTED_VALUE"""),0.5) -> 0.5 | H48: =IFERROR(__xludf.DUMMYFUNCTION("""COMPUTED_VALUE"""),0.5) -> 0.5 | I48: =IFERROR(__xludf.DUMMYFUNCTION("""COMPUTED_VALUE"""),0.5) -> 0.5 | J48: =IFERROR(__xludf.DUMMYFUNCTION("""COMPUTED_VALUE"""),0.5) -> 0.5 | K48: =IFERROR(__xludf.DUMMYFUNCTION("""COMPUTED_VALUE"""),"4– Usable, minor flaws Minor background noise.") -> 4– Usable, minor flaws Minor background noise. | L48: =IFERROR(__xludf.DUMMYFUNCTION("""COMPUTED_VALUE"""),"No") -> No
A49: =IFERROR(__xludf.DUMMYFUNCTION("""COMPUTED_VALUE"""),"collect\read\YouTube\Bangladesh Television (BTV)\__yFg8a8Zb4\cc133f01-fc66-46a2-bd10-ab2e05da8f57.flac") -> collect\read\YouTube\Bangladesh Television (BTV)\__yFg8a8Zb4\cc133f01-fc66-46a2-bd10-ab2e05da8f57.flac | B49: =IFERROR(__xludf.DUMMYFUNCTION("""COMPUTED_VALUE"""),30.0) -> 30 | C49: =IFERROR(__xludf.DUMMYFUNCTION("""COMPUTED_VALUE"""),"না সেটা হচ্ছে যে ব্রাহ্মণবাড়িয়ার বিষয়টাতে আপনি খুব ইন্ট্রেস্টিংয়েটআজকে তুলে এনেছিলেন আমি একটা দেখা ভুলে গিয়েছিলাম ভুলে না এটা আমার মনে হয় যে এটা মাথায় নিলিয়া হতো ভালো হয় ব্রাহ্মণবাড়িয়া কিন্তু গত বছর কোভিডের শুরু থেকে বেশ কয়েকবার কিন্তু আন্তর্জাতিক বিশ্বের"&" শিরোনাম হয়েছে আপনার মনে আছে কিনা যে একজন রিলিজিয়াস মানে আলেম বাস কলার মারা গিয়েছিলেন বেশ কয়েকবার জানা যায় শীতে বড় বড় বেশ কিছু কিন্তু মাছ গ্েদারিং হয়েছে এবং এই ব্রাহ্মণবাড়িয়ায় বেশ কয়েকবার কিন্তু আমাদের এই মানে আতশি কাচের নিচে ছিল") -> না সেটা হচ্ছে যে ব্রাহ্মণবাড়িয়ার বিষয়টাতে আপনি খুব ইন্ট্রেস্টিংয়েটআজকে তুলে এনেছিলেন আমি একটা দেখা ভুলে গিয়েছিলাম ভুলে না এটা আমার মনে হয় যে এটা মাথায় নিলিয়া হতো ভালো হয় ব্রাহ্মণবাড়িয়া কিন্তু গত বছর কোভিডের শুরু থেকে বেশ কয়েকবার কিন্তু আন্তর্জাতিক বিশ্বের শিরোনাম হয়েছে আপনার মনে আছে কিনা যে একজন রিলিজিয়াস মানে আলেম বাস কলার মারা গিয়েছিলেন বেশ কয়েকবার জানা যায় শীতে বড় বড় বেশ কিছু কিন্তু মাছ গ্েদারিং হয়েছে এবং এই ব্রাহ্মণবাড়িয়ায় বেশ কয়েকবার কিন্তু আমাদের এই মানে আতশি কাচের নিচে ছিল | D49: =IFERROR(__xludf.DUMMYFUNCTION("""COMPUTED_VALUE"""),"No") -> No | E49: =IFERROR(__xludf.DUMMYFUNCTION("""COMPUTED_VALUE"""),"Yes") -> Yes | F49: =IFERROR(__xludf.DUMMYFUNCTION("""COMPUTED_VALUE"""),"Yes") -> Yes | G49: =IFERROR(__xludf.DUMMYFUNCTION("""COMPUTED_VALUE"""),0.5) -> 0.5 | H49: =IFERROR(__xludf.DUMMYFUNCTION("""COMPUTED_VALUE"""),0.5) -> 0.5 | I49: =IFERROR(__xludf.DUMMYFUNCTION("""COMPUTED_VALUE"""),0.5) -> 0.5 | J49: =IFERROR(__xludf.DUMMYFUNCTION("""COMPUTED_VALUE"""),0.5) -> 0.5 | K49: =IFERROR(__xludf.DUMMYFUNCTION("""COMPUTED_VALUE"""),"4– Usable, minor flaws Minor background noise.") -> 4– Usable, minor flaws Minor background noise. | L49: =IFERROR(__xludf.DUMMYFUNCTION("""COMPUTED_VALUE"""),"No") -> No
A50: =IFERROR(__xludf.DUMMYFUNCTION("""COMPUTED_VALUE"""),"collect\read\YouTube\Bangladesh Television (BTV)\__yFg8a8Zb4\d131d745-ffe7-4e81-a223-fda9615e6fbe.flac") -> collect\read\YouTube\Bangladesh Television (BTV)\__yFg8a8Zb4\d131d745-ffe7-4e81-a223-fda9615e6fbe.flac | B50: =IFERROR(__xludf.DUMMYFUNCTION("""COMPUTED_VALUE"""),30.0) -> 30 | C50: =IFERROR(__xludf.DUMMYFUNCTION("""COMPUTED_VALUE"""),"এটাকে অনুভতি প্রদান করেছে এবং আমরা কিন্তু এই টিকা প্রদানের ক্ষেত্রে টিকা বাংলাদেশ আনার ক্ষেত্রে আমাদের সরকার এ ভূমিকা রেখেছে এবং তারা কিন্তু বেশ অগ্রগামী ভূমিকা রাখতে পেরেছে তো আমি আমি আমি এই জায়গায় একটুকমতাকে থামিয়ে ডক্টর মাহমুব সিদ্দিকীর কাছ থেকে টু জেন"&"ে আসতে চাই তার একেবারেই প্রাথমিক গন্তব্যটি টা মাহবুব সিদ্দিক ধন্যবাদ জে ধন্যবাদ পার্সোফল থ্যাংক ইউ ফর হ্যাভিং মি আমি শুধু মানে স্যাররা দুজনেই আমার মনে হয় যেটা") -> এটাকে অনুভতি প্রদান করেছে এবং আমরা কিন্তু এই টিকা প্রদানের ক্ষেত্রে টিকা বাংলাদেশ আনার ক্ষেত্রে আমাদের সরকার এ ভূমিকা রেখেছে এবং তারা কিন্তু বেশ অগ্রগামী ভূমিকা রাখতে পেরেছে তো আমি আমি আমি এই জায়গায় একটুকমতাকে থামিয়ে ডক্টর মাহমুব সিদ্দিকীর কাছ থেকে টু জেনে আসতে চাই তার একেবারেই প্রাথমিক গন্তব্যটি টা মাহবুব সিদ্দিক ধন্যবাদ জে ধন্যবাদ পার্সোফল থ্যাংক ইউ ফর হ্যাভিং মি আমি শুধু মানে স্যাররা দুজনেই আমার মনে হয় যেটা | D50: =IFERROR(__xludf.DUMMYFUNCTION("""COMPUTED_VALUE"""),"No") -> No | E50: =IFERROR(__xludf.DUMMYFUNCTION("""COMPUTED_VALUE"""),"No") -> No | F50: =IFERROR(__xludf.DUMMYFUNCTION("""COMPUTED_VALUE"""),"Yes") -> Yes | G50: =IFERROR(__xludf.DUMMYFUNCTION("""COMPUTED_VALUE"""),0.5) -> 0.5 | H50: =IFERROR(__xludf.DUMMYFUNCTION("""COMPUTED_VALUE"""),0.5) -> 0.5 | I50: =IFERROR(__xludf.DUMMYFUNCTION("""COMPUTED_VALUE"""),1.0) -> 1 | J50: =IFERROR(__xludf.DUMMYFUNCTION("""COMPUTED_VALUE"""),0.5) -> 0.5 | K50: =IFERROR(__xludf.DUMMYFUNCTION("""COMPUTED_VALUE"""),"4– Usable, minor flaws Minor background noise.") -> 4– Usable, minor flaws Minor background noise.
A51: =IFERROR(__xludf.DUMMYFUNCTION("""COMPUTED_VALUE"""),"collect\read\YouTube\Bangladesh Television (BTV)\__yFg8a8Zb4\d3125951-8279-4d91-8196-c130a4237c75.flac") -> collect\read\YouTube\Bangladesh Television (BTV)\__yFg8a8Zb4\d3125951-8279-4d91-8196-c130a4237c75.flac | B51: =IFERROR(__xludf.DUMMYFUNCTION("""COMPUTED_VALUE"""),30.0) -> 30 | C51: =IFERROR(__xludf.DUMMYFUNCTION("""COMPUTED_VALUE"""),"তুই সারা পৃথিবীর যেখানে আতঙ্কিত সেখানে যে ঘুবে দরনো সাহস যোগানো মাননীয় প্রধানমন্ত্রী যে এপ্রিল থেকে শুরু করেছেন একদম প্রান্তিক পর্যায়ের সাথে যোগাযোগ হয়েছে গেলা নেভেলে সমস্ত কর্মকাণ্ড এই যে হেলথ কি আর ব্যবস্থাটা যে শুধুমাত্র আমরা চিকিৎসকে একটা পেশার করনসনি"&" করে আমরা আগে বলতাম যে হেলথ ফর অন এটার নি সুনিশ্চিত করতে") -> তুই সারা পৃথিবীর যেখানে আতঙ্কিত সেখানে যে ঘুবে দরনো সাহস যোগানো মাননীয় প্রধানমন্ত্রী যে এপ্রিল থেকে শুরু করেছেন একদম প্রান্তিক পর্যায়ের সাথে যোগাযোগ হয়েছে গেলা নেভেলে সমস্ত কর্মকাণ্ড এই যে হেলথ কি আর ব্যবস্থাটা যে শুধুমাত্র আমরা চিকিৎসকে একটা পেশার করনসনি করে আমরা আগে বলতাম যে হেলথ ফর অন এটার নি সুনিশ্চিত করতে | D51: =IFERROR(__xludf.DUMMYFUNCTION("""COMPUTED_VALUE"""),"No") -> No | E51: =IFERROR(__xludf.DUMMYFUNCTION("""COMPUTED_VALUE"""),"Yes") -> Yes | F51: =IFERROR(__xludf.DUMMYFUNCTION("""COMPUTED_VALUE"""),"Yes") -> Yes | G51: =IFERROR(__xludf.DUMMYFUNCTION("""COMPUTED_VALUE"""),0.0) -> 0 | H51: =IFERROR(__xludf.DUMMYFUNCTION("""COMPUTED_VALUE"""),0.5) -> 0.5 | I51: =IFERROR(__xludf.DUMMYFUNCTION("""COMPUTED_VALUE"""),1.0) -> 1 | J51: =IFERROR(__xludf.DUMMYFUNCTION("""COMPUTED_VALUE"""),0.5) -> 0.5 | K51: =IFERROR(__xludf.DUMMYFUNCTION("""COMPUTED_VALUE"""),"4– Usable, minor flaws Minor background noise.") -> 4– Usable, minor flaws Minor background noise. | L51: =IFERROR(__xludf.DUMMYFUNCTION("""COMPUTED_VALUE"""),"No") -> No

Sheet Mehadi
A1: =IFERROR(__xludf.DUMMYFUNCTION("IMPORTRANGE(""https://docs.google.com/spreadsheets/d/1V6JmdOW71JtSp5DOttFFQLzJt2Wil6ZQ8f10dGOIJ7k/edit?gid=0#gid=0"", ""Data!A:L"")"),"Filename") -> Filename | B1: =IFERROR(__xludf.DUMMYFUNCTION("""COMPUTED_VALUE"""),"Duration (seconds)") -> Duration (seconds) | C1: =IFERROR(__xludf.DUMMYFUNCTION("""COMPUTED_VALUE"""),"Text") -> Text | D1: =IFERROR(__xludf.DUMMYFUNCTION("""COMPUTED_VALUE"""),"Correct") -> Correct | E1: =IFERROR(__xludf.DUMMYFUNCTION("""COMPUTED_VALUE"""),"Word Missing") -> Word Missing | F1: =IFERROR(__xludf.DUMMYFUNCTION("""COMPUTED_VALUE"""),"Spelling Mistake") -> Spelling Mistake | G1: =IFERROR(__xludf.DUMMYFUNCTION("""COMPUTED_VALUE"""),"Word Accuracy") -> Word Accuracy | H1: =IFERROR(__xludf.DUMMYFUNCTION("""COMPUTED_VALUE"""),"Grammar & Syntax") -> Grammar & Syntax | I1: =IFERROR(__xludf.DUMMYFUNCTION("""COMPUTED_VALUE"""),"Proper Noun Recognition") -> Proper Noun Recognition | J1: =IFERROR(__xludf.DUMMYFUNCTION("""COMPUTED_VALUE"""),"Punctuation & Formatting") -> Punctuation & Formatting | K1: =IFERROR(__xludf.DUMMYFUNCTION("""COMPUTED_VALUE"""),"Audio Quality") -> Audio Quality | L1: =IFERROR(__xludf.DUMMYFUNCTION("""COMPUTED_VALUE"""),"Language Content (if contains more than 10% foreign language)") -> Language Content (if contains more than 10% foreign language)
A2: =IFERROR(__xludf.DUMMYFUNCTION("""COMPUTED_VALUE"""),"D:\STT D3\STT D3\deliverables3\collect\miscellaneous\Dhaka FM\DFM - AUDIO CLIP (03-01-2023)\0d050564-c96c-478c-bef7-be177c499552.flac") -> D:\STT D3\STT D3\deliverables3\collect\miscellaneous\Dhaka FM\DFM - AUDIO CLIP (03-01-2023)\0d050564-c96c-478c-bef7-be177c499552.flac | B2: =IFERROR(__xludf.DUMMYFUNCTION("""COMPUTED_VALUE"""),14.74) -> 14.74 | C2: =IFERROR(__xludf.DUMMYFUNCTION("""COMPUTED_VALUE"""),"নগদ ইসলামিক এমএফএস অ্যাকাউন্ট আছে আপনাদের সাথে আপনারা চাইলেই মোবাইল লেনদেনের নানারকম সুবিধাও প্রভোগ করতে পারবেন সুদবিহীন এই নগদ ইসলামিক এমএফএস অ্যাকাউন্ট থেকে এইছি লাভ দেট আপনি শুনছেন নাইনটি পয়েন্ট ফোর") -> নগদ ইসলামিক এমএফএস অ্যাকাউন্ট আছে আপনাদের সাথে আপনারা চাইলেই মোবাইল লেনদেনের নানারকম সুবিধাও প্রভোগ করতে পারবেন সুদবিহীন এই নগদ ইসলামিক এমএফএস অ্যাকাউন্ট থেকে এইছি লাভ দেট আপনি শুনছেন নাইনটি পয়েন্ট ফোর | D2: =IFERROR(__xludf.DUMMYFUNCTION("""COMPUTED_VALUE"""),"Yes") -> Yes | E2: =IFERROR(__xludf.DUMMYFUNCTION("""COMPUTED_VALUE"""),"No") -> No | F2: =IFERROR(__xludf.DUMMYFUNCTION("""COMPUTED_VALUE"""),"Yes") -> Yes | G2: =IFERROR(__xludf.DUMMYFUNCTION("""COMPUTED_VALUE"""),1.0) -> 1 | H2: =IFERROR(__xludf.DUMMYFUNCTION("""COMPUTED_VALUE"""),1.0) -> 1 | I2: =IFERROR(__xludf.DUMMYFUNCTION("""COMPUTED_VALUE"""),0.5) -> 0.5 | J2: =IFERROR(__xludf.DUMMYFUNCTION("""COMPUTED_VALUE"""),0.0) -> 0 | K2: =IFERROR(__xludf.DUMMYFUNCTION("""COMPUTED_VALUE"""),"4– Usable, minor flaws Minor background noise.") -> 4– Usable, minor flaws Minor background noise. | L2: =IFERROR(__xludf.DUMMYFUNCTION("""COMPUTED_VALUE"""),"Yes") -> Yes
A3: =IFERROR(__xludf.DUMMYFUNCTION("""COMPUTED_VALUE"""),"collect/miscellaneous/Dhaka FM/DFM - AUDIO CLIP (03-01-2023)/2a002898-3076-4658-956d-a0b95af5dedf.flac") -> collect/miscellaneous/Dhaka FM/DFM - AUDIO CLIP (03-01-2023)/2a002898-3076-4658-956d-a0b95af5dedf.flac | B3: =IFERROR(__xludf.DUMMYFUNCTION("""COMPUTED_VALUE"""),30.0) -> 30 | C3: =IFERROR(__xludf.DUMMYFUNCTION("""COMPUTED_VALUE"""),"ই মর্ত আমার সঙ্গে এজন ভাইয়ার হয়েছেন তার সঙ্গ কথা বলব খালো হয়া কেমন আছেন আপনি ঈদ কেনাকেডার কী অবস্থান ধন্যবাদ আপদাকে আল হমদুল ইল্লাইম ভালোবাছি এই তো এটা কেনাকাটা চলছে শেষ পর্যায় একদম এই হালকা একটু কিছু পাকি আছে ভাপাঞ্জাবি কি আমি দেখছিলাম আনি পাঞ্জাবি দেখছে"&"ন আপনি কি পাঞ্জাবি কিনছেন নাকি কাবলি দুটিরই চল দেখতে হচ্ছে সবার মধ্যে দা এপার আসলে আমি পাঞ্জাবিটে নিচ্ছি কারণ গতবার ওই কাবলির ট্রেনটা ছিল োআমিও ওই ট্রেন্ডে ফেঁসেছি তো ইপার যেহেতু পড়েছি এবারে একটু পাঞ্জাবি ট্রায় করছে েছি") -> ই মর্ত আমার সঙ্গে এজন ভাইয়ার হয়েছেন তার সঙ্গ কথা বলব খালো হয়া কেমন আছেন আপনি ঈদ কেনাকেডার কী অবস্থান ধন্যবাদ আপদাকে আল হমদুল ইল্লাইম ভালোবাছি এই তো এটা কেনাকাটা চলছে শেষ পর্যায় একদম এই হালকা একটু কিছু পাকি আছে ভাপাঞ্জাবি কি আমি দেখছিলাম আনি পাঞ্জাবি দেখছেন আপনি কি পাঞ্জাবি কিনছেন নাকি কাবলি দুটিরই চল দেখতে হচ্ছে সবার মধ্যে দা এপার আসলে আমি পাঞ্জাবিটে নিচ্ছি কারণ গতবার ওই কাবলির ট্রেনটা ছিল োআমিও ওই ট্রেন্ডে ফেঁসেছি তো ইপার যেহেতু পড়েছি এবারে একটু পাঞ্জাবি ট্রায় করছে েছি | D3: =IFERROR(__xludf.DUMMYFUNCTION("""COMPUTED_VALUE"""),"No") -> No | E3: =IFERROR(__xludf.DUMMYFUNCTION("""COMPUTED_VALUE"""),"Yes") -> Yes | F3: =IFERROR(__xludf.DUMMYFUNCTION("""COMPUTED_VALUE"""),"Yes") -> Yes | G3: =IFERROR(__xludf.DUMMYFUNCTION("""COMPUTED_VALUE"""),0.0) -> 0 | H3: =IFERROR(__xludf.DUMMYFUNCTION("""COMPUTED_VALUE"""),0.0) -> 0 | I3: =IFERROR(__xludf.DUMMYFUNCTION("""COMPUTED_VALUE"""),0.0) -> 0 | J3: =IFERROR(__xludf.DUMMYFUNCTION("""COMPUTED_VALUE"""),0.0) -> 0 | K3: =IFERROR(__xludf.DUMMYFUNCTION("""COMPUTED_VALUE"""),"1 - Unusable Severely degraded, or non-Bangla") -> 1 - Unusable Severely degraded, or non-Bangla | L3: =IFERROR(__xludf.DUMMYFUNCTION("""COMPUTED_VALUE"""),"No") -> No
A4: =IFERROR(__xludf.DUMMYFUNCTION("""COMPUTED_VALUE"""),"collect/miscellaneous/Dhaka FM/DFM - AUDIO CLIP (03-01-2023)/2f15e5a6-a3de-4b4b-93db-d55c8e253431.flac") -> collect/miscellaneous/Dhaka FM/DFM - AUDIO CLIP (03-01-2023)/2f15e5a6-a3de-4b4b-93db-d55c8e253431.flac | B4: =IFERROR(__xludf.DUMMYFUNCTION("""COMPUTED_VALUE"""),20.342) -> 20.342 | C4: =IFERROR(__xludf.DUMMYFUNCTION("""COMPUTED_VALUE"""),"ইয়াজ জেনে নিলেন বাকিটা জানিয়ে দিচ্ছি যে গত তিন বছর ধরে নগদ ইসলামী কেমএফেস অ্যাকাউন্ট আছে আপনাদেরইর সাথে আপনারা চাইলেই মোবাইলে লেনদেন করতে পারেন এবং লেনদেনের নানান রকম সুবিধা উপভোগ করতে পারবেন এখন সুদবিহীন এই নগদ ইসলামীকে ভেফে সাাকাউন্ট থেকে শুনছেন ঢাকা এফ"&"ামদানি পয়েন্ট ফর এাকনিনেশন এক্সটেশন") -> ইয়াজ জেনে নিলেন বাকিটা জানিয়ে দিচ্ছি যে গত তিন বছর ধরে নগদ ইসলামী কেমএফেস অ্যাকাউন্ট আছে আপনাদেরইর সাথে আপনারা চাইলেই মোবাইলে লেনদেন করতে পারেন এবং লেনদেনের নানান রকম সুবিধা উপভোগ করতে পারবেন এখন সুদবিহীন এই নগদ ইসলামীকে ভেফে সাাকাউন্ট থেকে শুনছেন ঢাকা এফামদানি পয়েন্ট ফর এাকনিনেশন এক্সটেশন | D4: =IFERROR(__xludf.DUMMYFUNCTION("""COMPUTED_VALUE"""),"No") -> No | E4: =IFERROR(__xludf.DUMMYFUNCTION("""COMPUTED_VALUE"""),"Yes") -> Yes | F4: =IFERROR(__xludf.DUMMYFUNCTION("""COMPUTED_VALUE"""),"Yes") -> Yes | G4: =IFERROR(__xludf.DUMMYFUNCTION("""COMPUTED_VALUE"""),0.5) -> 0.5 | H4: =IFERROR(__xludf.DUMMYFUNCTION("""COMPUTED_VALUE"""),0.5) -> 0.5 | I4: =IFERROR(__xludf.DUMMYFUNCTION("""COMPUTED_VALUE"""),0.0) -> 0 | J4: =IFERROR(__xludf.DUMMYFUNCTION("""COMPUTED_VALUE"""),0.0) -> 0 | K4: =IFERROR(__xludf.DUMMYFUNCTION("""COMPUTED_VALUE"""),"2 - Poor quality Noisy, unclear,") -> 2 - Poor quality Noisy, unclear, | L4: =IFERROR(__xludf.DUMMYFUNCTION("""COMPUTED_VALUE"""),"Yes") -> Yes
A5: =IFERROR(__xludf.DUMMYFUNCTION("""COMPUTED_VALUE"""),"collect/miscellaneous/Dhaka FM/DFM - AUDIO CLIP (03-01-2023)/3be532eb-1452-41ae-9f94-6558ed7964fa.flac") -> collect/miscellaneous/Dhaka FM/DFM - AUDIO CLIP (03-01-2023)/3be532eb-1452-41ae-9f94-6558ed7964fa.flac | B5: =IFERROR(__xludf.DUMMYFUNCTION("""COMPUTED_VALUE"""),30.0) -> 30 | C5: =IFERROR(__xludf.DUMMYFUNCTION("""COMPUTED_VALUE"""),"এটি মিলিয়ে কিংবা দুধের সাথে বা চায়ের সাথে পুরোনো ঢাকা কেনন নতুন ঢাকার মানুষ জন্য খেতে বেশ পছন্দ করা এখন এবং আপনি যদি খুঁজে দেখেন প্রত্যেকটার এলাকায় খুঁজলে একটা না একটা মধ্যে ছোট্ট একটা বাকরখানের দোকান পাবেন যেখানে চিনিসহ এবং চিনি ছাড়া পাতলা মোটা বাকরখানিগ"&"ুলি পাওয়া যায়ত হবে পাতলা বা করখানিগুলো না ম্যাক্সিম আমি ওয়া গেলেও নতুন ঢাকাতে এখন কিন্তু একটু একটু করে তৈরি হচ্ছে ভারী বাকরকানিটার সাথে ত বাকরখানি অলসো ইস লাইকভেনিজ চেস্টি") -> এটি মিলিয়ে কিংবা দুধের সাথে বা চায়ের সাথে পুরোনো ঢাকা কেনন নতুন ঢাকার মানুষ জন্য খেতে বেশ পছন্দ করা এখন এবং আপনি যদি খুঁজে দেখেন প্রত্যেকটার এলাকায় খুঁজলে একটা না একটা মধ্যে ছোট্ট একটা বাকরখানের দোকান পাবেন যেখানে চিনিসহ এবং চিনি ছাড়া পাতলা মোটা বাকরখানিগুলি পাওয়া যায়ত হবে পাতলা বা করখানিগুলো না ম্যাক্সিম আমি ওয়া গেলেও নতুন ঢাকাতে এখন কিন্তু একটু একটু করে তৈরি হচ্ছে ভারী বাকরকানিটার সাথে ত বাকরখানি অলসো ইস লাইকভেনিজ চেস্টি | D5: =IFERROR(__xludf.DUMMYFUNCTION("""COMPUTED_VALUE"""),"No") -> No | E5: =IFERROR(__xludf.DUMMYFUNCTION("""COMPUTED_VALUE"""),"Yes") -> Yes | F5: =IFERROR(__xludf.DUMMYFUNCTION("""COMPUTED_VALUE"""),"Yes") -> Yes | G5: =IFERROR(__xludf.DUMMYFUNCTION("""COMPUTED_VALUE"""),0.5) -> 0.5 | H5: =IFERROR(__xludf.DUMMYFUNCTION("""COMPUTED_VALUE"""),0.5) -> 0.5 | I5: =IFERROR(__xludf.DUMMYFUNCTION("""COMPUTED_VALUE"""),0.5) -> 0.5 | J5: =IFERROR(__xludf.DUMMYFUNCTION("""COMPUTED_VALUE"""),0.0) -> 0 | K5: =IFERROR(__xludf.DUMMYFUNCTION("""COMPUTED_VALUE"""),"3 – Mixed language or inconsistent quality") -> 3 – Mixed language or inconsistent quality | L5: =IFERROR(__xludf.DUMMYFUNCTION("""COMPUTED_VALUE"""),"No") -> No
A6: =IFERROR(__xludf.DUMMYFUNCTION("""COMPUTED_VALUE"""),"collect/miscellaneous/Dhaka FM/DFM - AUDIO CLIP (03-01-2023)/4a3f8d86-a969-4ebf-8239-cf2e0151e14c.flac") -> collect/miscellaneous/Dhaka FM/DFM - AUDIO CLIP (03-01-2023)/4a3f8d86-a969-4ebf-8239-cf2e0151e14c.flac | B6: =IFERROR(__xludf.DUMMYFUNCTION("""COMPUTED_VALUE"""),30.0) -> 30 | C6: =IFERROR(__xludf.DUMMYFUNCTION("""COMPUTED_VALUE"""),"নগুদ ইদ শোপিং অপ্টুড সাবেদন ডিয়েলিসনারেশনশন ঢাকায় ফ্যানদানি পয়েন্ট ফোর এক মিনশন আইক্স্টেকেশন শান্ত পনার সঙ্গে আছি এবং শুরু হয়ে গেছে নগদ ঈদ শপিং আফ ডেড এবং নগদী ৎশপিং আফদেটায় আমরা যেটা শুনব সেটা হচ্ছে যে শপিং মলগুলোর অবস্থা কি এবং মানুষ জোনা সলে কতখালি মলে"&" ঘুলঘুল করছেন বা কেনাকাটা করছেন চলেন আার কথা না বাড়িয়ে সরাসরি চলে যে পিঙ্কাপুর কাছে জেনে নেই নগদীচ শপিং আফ ডা ধন্যবাদ তো আমি এখন আছি ফ্যামুলি স্কয়ারের ভেতরে আন দেখতে পারে সেখানে ভালোই ভিয়ে আছে যেহেতু") -> নগুদ ইদ শোপিং অপ্টুড সাবেদন ডিয়েলিসনারেশনশন ঢাকায় ফ্যানদানি পয়েন্ট ফোর এক মিনশন আইক্স্টেকেশন শান্ত পনার সঙ্গে আছি এবং শুরু হয়ে গেছে নগদ ঈদ শপিং আফ ডেড এবং নগদী ৎশপিং আফদেটায় আমরা যেটা শুনব সেটা হচ্ছে যে শপিং মলগুলোর অবস্থা কি এবং মানুষ জোনা সলে কতখালি মলে ঘুলঘুল করছেন বা কেনাকাটা করছেন চলেন আার কথা না বাড়িয়ে সরাসরি চলে যে পিঙ্কাপুর কাছে জেনে নেই নগদীচ শপিং আফ ডা ধন্যবাদ তো আমি এখন আছি ফ্যামুলি স্কয়ারের ভেতরে আন দেখতে পারে সেখানে ভালোই ভিয়ে আছে যেহেতু | D6: =IFERROR(__xludf.DUMMYFUNCTION("""COMPUTED_VALUE"""),"No") -> No | E6: =IFERROR(__xludf.DUMMYFUNCTION("""COMPUTED_VALUE"""),"Yes") -> Yes | F6: =IFERROR(__xludf.DUMMYFUNCTION("""COMPUTED_VALUE"""),"Yes") -> Yes | G6: =IFERROR(__xludf.DUMMYFUNCTION("""COMPUTED_VALUE"""),0.0) -> 0 | H6: =IFERROR(__xludf.DUMMYFUNCTION("""COMPUTED_VALUE"""),0.0) -> 0 | I6: =IFERROR(__xludf.DUMMYFUNCTION("""COMPUTED_VALUE"""),0.0) -> 0 | J6: =IFERROR(__xludf.DUMMYFUNCTION("""COMPUTED_VALUE"""),0.0) -> 0 | K6: =IFERROR(__xludf.DUMMYFUNCTION("""COMPUTED_VALUE"""),"1 - Unusable Severely degraded, or non-Bangla") -> 1 - Unusable Severely degraded, or non-Bangla | L6: =IFERROR(__xludf.DUMMYFUNCTION("""COMPUTED_VALUE"""),"Yes") -> Yes
A7: =IFERROR(__xludf.DUMMYFUNCTION("""COMPUTED_VALUE"""),"5b854647-cc53-404f-9e39-e4f7dbfc46ff") -> 5b854647-cc53-404f-9e39-e4f7dbfc46ff | B7: =IFERROR(__xludf.DUMMYFUNCTION("""COMPUTED_VALUE"""),30.0) -> 30 | C7: =IFERROR(__xludf.DUMMYFUNCTION("""COMPUTED_VALUE"""),"কিনতে ছি এই তো সব মিলিয়েই ভালো াথে ইলেকট্রনিকসের জিনিসও কেনা হয়েছে এবার যে যে অবশ্যই অনেক ভালো ইলেকট্রেনিক পণ্য আসছে সেজন্য একটু একটু করে কিনতেছি তাই ভালোই লাগছেছে থ্যাংকিউস ও মাস ভায় আপনাকে ইদেরে অগ্রিমশু হয়েছে জানাচ্ছি এবং আমাদেরকে সময় দেওয়ার জন্য ধন্যব"&"াদ ধন্যাদ পএবং খতে চাচ্ছি কেনাকাটার পেরমেন্টে আপনাদের বেশি লাভ দিতেই নগদ নিয়ে এসেছে দারুণ গ্যাশ ব্যাক এবং ডিসকাউন্ট অফার পবিত্র মাহে রঅমজান এবং ঈদ উপলক্ষে আপনি যদি র‌্যাংস ইলেকট্রনিক্সে নগদের মাধ্যে") -> কিনতে ছি এই তো সব মিলিয়েই ভালো াথে ইলেকট্রনিকসের জিনিসও কেনা হয়েছে এবার যে যে অবশ্যই অনেক ভালো ইলেকট্রেনিক পণ্য আসছে সেজন্য একটু একটু করে কিনতেছি তাই ভালোই লাগছেছে থ্যাংকিউস ও মাস ভায় আপনাকে ইদেরে অগ্রিমশু হয়েছে জানাচ্ছি এবং আমাদেরকে সময় দেওয়ার জন্য ধন্যবাদ ধন্যাদ পএবং খতে চাচ্ছি কেনাকাটার পেরমেন্টে আপনাদের বেশি লাভ দিতেই নগদ নিয়ে এসেছে দারুণ গ্যাশ ব্যাক এবং ডিসকাউন্ট অফার পবিত্র মাহে রঅমজান এবং ঈদ উপলক্ষে আপনি যদি র‌্যাংস ইলেকট্রনিক্সে নগদের মাধ্যে | D7: =IFERROR(__xludf.DUMMYFUNCTION("""COMPUTED_VALUE"""),"No") -> No | E7: =IFERROR(__xludf.DUMMYFUNCTION("""COMPUTED_VALUE"""),"Yes") -> Yes | F7: =IFERROR(__xludf.DUMMYFUNCTION("""COMPUTED_VALUE"""),"Yes") -> Yes | G7: =IFERROR(__xludf.DUMMYFUNCTION("""COMPUTED_VALUE"""),0.0) -> 0 | H7: =IFERROR(__xludf.DUMMYFUNCTION("""COMPUTED_VALUE"""),0.0) -> 0 | I7: =IFERROR(__xludf.DUMMYFUNCTION("""COMPUTED_VALUE"""),0.0) -> 0 | J7: =IFERROR(__xludf.DUMMYFUNCTION("""COMPUTED_VALUE"""),0.0) -> 0 | K7: =IFERROR(__xludf.DUMMYFUNCTION("""COMPUTED_VALUE"""),"1 - Unusable Severely degraded, or non-Bangla") -> 1 - Unusable Severely degraded, or non-Bangla | L7: =IFERROR(__xludf.DUMMYFUNCTION("""COMPUTED_VALUE"""),"Yes") -> Yes
A8: =IFERROR(__xludf.DUMMYFUNCTION("""COMPUTED_VALUE"""),"collect/miscellaneous/Dhaka FM/DFM - AUDIO CLIP (03-01-2023)/6adf6711-83d3-4722-9619-9d56a15318e7.flac") -> collect/miscellaneous/Dhaka FM/DFM - AUDIO CLIP (03-01-2023)/6adf6711-83d3-4722-9619-9d56a15318e7.flac | B8: =IFERROR(__xludf.DUMMYFUNCTION("""COMPUTED_VALUE"""),24.421) -> 24.421 | C8: =IFERROR(__xludf.DUMMYFUNCTION("""COMPUTED_VALUE"""),"আাদের মায়েরা আমাদের যারা গৃহীণীরা আছেন তারা কিন্তু আমাদের যে অনেক বেশি কাজ করেন এবং ওয়ার্ল্ডার একটা সমীক্ষায় দেখা গেছে মেয়েরা পুরুষের চাইত্বে কিন্তু এনটাপোর্শন পরিমাণ কাজ বেশি করেন এবং সেটা বিনা বেতনে অে তারাও কিন্তু মেলা ব্যস্ত থাকে চলেজ দেস্ট্রাইটিস ক্র"&"ি যাওয়ার টাইম থ্রোস আমে খাইন্ড অফ ইজিট্রিক ওকে ওকে নাওকে ই কাপ দেশে") -> আাদের মায়েরা আমাদের যারা গৃহীণীরা আছেন তারা কিন্তু আমাদের যে অনেক বেশি কাজ করেন এবং ওয়ার্ল্ডার একটা সমীক্ষায় দেখা গেছে মেয়েরা পুরুষের চাইত্বে কিন্তু এনটাপোর্শন পরিমাণ কাজ বেশি করেন এবং সেটা বিনা বেতনে অে তারাও কিন্তু মেলা ব্যস্ত থাকে চলেজ দেস্ট্রাইটিস ক্রি যাওয়ার টাইম থ্রোস আমে খাইন্ড অফ ইজিট্রিক ওকে ওকে নাওকে ই কাপ দেশে | D8: =IFERROR(__xludf.DUMMYFUNCTION("""COMPUTED_VALUE"""),"No") -> No | E8: =IFERROR(__xludf.DUMMYFUNCTION("""COMPUTED_VALUE"""),"Yes") -> Yes | F8: =IFERROR(__xludf.DUMMYFUNCTION("""COMPUTED_VALUE"""),"Yes") -> Yes | G8: =IFERROR(__xludf.DUMMYFUNCTION("""COMPUTED_VALUE"""),0.0) -> 0 | H8: =IFERROR(__xludf.DUMMYFUNCTION("""COMPUTED_VALUE"""),0.0) -> 0 | I8: =IFERROR(__xludf.DUMMYFUNCTION("""COMPUTED_VALUE"""),0.0) -> 0 | J8: =IFERROR(__xludf.DUMMYFUNCTION("""COMPUTED_VALUE"""),0.0) -> 0 | K8: =IFERROR(__xludf.DUMMYFUNCTION("""COMPUTED_VALUE"""),"1 - Unusable Severely degraded, or non-Bangla") -> 1 - Unusable Severely degraded, or non-Bangla | L8: =IFERROR(__xludf.DUMMYFUNCTION("""COMPUTED_VALUE"""),"Yes") -> Yes
A9: =IFERROR(__xludf.DUMMYFUNCTION("""COMPUTED_VALUE"""),"collect/miscellaneous/Dhaka FM/DFM - AUDIO CLIP (03-01-2023)/07f0e903-21a8-439f-be7a-4c7f64604e86.flac") -> collect/miscellaneous/Dhaka FM/DFM - AUDIO CLIP (03-01-2023)/07f0e903-21a8-439f-be7a-4c7f64604e86.flac | B9: =IFERROR(__xludf.DUMMYFUNCTION("""COMPUTED_VALUE"""),9.448) -> 9.448 | C9: =IFERROR(__xludf.DUMMYFUNCTION("""COMPUTED_VALUE"""),"ন তারা কিন্তু চট করে আমার সাথে যুক্ত হয়ে যেতে পারেন যেরা ানেটফর ওয়ান লাইন্জের ওপর র নাইন্জেরোফোর হচ্ছে ওয়াজস্যাপের নাম পারলেস এন্ জয়াদ ট্রাক") -> ন তারা কিন্তু চট করে আমার সাথে যুক্ত হয়ে যেতে পারেন যেরা ানেটফর ওয়ান লাইন্জের ওপর র নাইন্জেরোফোর হচ্ছে ওয়াজস্যাপের নাম পারলেস এন্ জয়াদ ট্রাক | D9: =IFERROR(__xludf.DUMMYFUNCTION("""COMPUTED_VALUE"""),"No") -> No | E9: =IFERROR(__xludf.DUMMYFUNCTION("""COMPUTED_VALUE"""),"Yes") -> Yes | F9: =IFERROR(__xludf.DUMMYFUNCTION("""COMPUTED_VALUE"""),"Yes") -> Yes | G9: =IFERROR(__xludf.DUMMYFUNCTION("""COMPUTED_VALUE"""),0.0) -> 0 | H9: =IFERROR(__xludf.DUMMYFUNCTION("""COMPUTED_VALUE"""),0.0) -> 0 | I9: =IFERROR(__xludf.DUMMYFUNCTION("""COMPUTED_VALUE"""),0.0) -> 0 | J9: =IFERROR(__xludf.DUMMYFUNCTION("""COMPUTED_VALUE"""),0.0) -> 0 | L9: =IFERROR(__xludf.DUMMYFUNCTION("""COMPUTED_VALUE"""),"Yes") -> Yes
A10: =IFERROR(__xludf.DUMMYFUNCTION("""COMPUTED_VALUE"""),"collect/miscellaneous/Dhaka FM/DFM - AUDIO CLIP (03-01-2023)/8b73bee0-39d3-43b4-b639-7201cf618063.flac") -> collect/miscellaneous/Dhaka FM/DFM - AUDIO CLIP (03-01-2023)/8b73bee0-39d3-43b4-b639-7201cf618063.flac | B10: =IFERROR(__xludf.DUMMYFUNCTION("""COMPUTED_VALUE"""),30.0) -> 30 | C10: =IFERROR(__xludf.DUMMYFUNCTION("""COMPUTED_VALUE"""),"সবাই একটু জানি স বাজের আজকে মানে ডিসকারস করা তা আসকে আমরা শুরু করেছি ঢাকার ঐতিহ্যভাইে কিছু খাবার দিয়ে সেটা পুরনো ঢাকারও হতে পারেন নতুন ঢাকারো হতে পরে ওয়ারাজ আমি কথা বলছিলাম পুরোনো ঢাকার সে ডাল টুটি নিয়ে সো ডাল রুটির উৎসটা কোথায় সেটা জানা যেব অনেকে মনে করে"&" যেটা ভারতীয় খাবার মোটেই তা নয় যেমন রস্যগোল্লা ইলিসেগুলি সব বাংলাদেশের বাবা এটান কে হবে আবারকেও এটির জন্মর বাংলাদেশে বিশেষ করে ঢাকায় অবশ্য") -> সবাই একটু জানি স বাজের আজকে মানে ডিসকারস করা তা আসকে আমরা শুরু করেছি ঢাকার ঐতিহ্যভাইে কিছু খাবার দিয়ে সেটা পুরনো ঢাকারও হতে পারেন নতুন ঢাকারো হতে পরে ওয়ারাজ আমি কথা বলছিলাম পুরোনো ঢাকার সে ডাল টুটি নিয়ে সো ডাল রুটির উৎসটা কোথায় সেটা জানা যেব অনেকে মনে করে যেটা ভারতীয় খাবার মোটেই তা নয় যেমন রস্যগোল্লা ইলিসেগুলি সব বাংলাদেশের বাবা এটান কে হবে আবারকেও এটির জন্মর বাংলাদেশে বিশেষ করে ঢাকায় অবশ্য | D10: =IFERROR(__xludf.DUMMYFUNCTION("""COMPUTED_VALUE"""),"No") -> No | E10: =IFERROR(__xludf.DUMMYFUNCTION("""COMPUTED_VALUE"""),"Yes") -> Yes | F10: =IFERROR(__xludf.DUMMYFUNCTION("""COMPUTED_VALUE"""),"Yes") -> Yes | G10: =IFERROR(__xludf.DUMMYFUNCTION("""COMPUTED_VALUE"""),0.0) -> 0 | H10: =IFERROR(__xludf.DUMMYFUNCTION("""COMPUTED_VALUE"""),0.0) -> 0 | I10: =IFERROR(__xludf.DUMMYFUNCTION("""COMPUTED_VALUE"""),0.0) -> 0 | J10: =IFERROR(__xludf.DUMMYFUNCTION("""COMPUTED_VALUE"""),0.0) -> 0 | K10: =IFERROR(__xludf.DUMMYFUNCTION("""COMPUTED_VALUE"""),"1 - Unusable Severely degraded, or non-Bangla") -> 1 - Unusable Severely degraded, or non-Bangla | L10: =IFERROR(__xludf.DUMMYFUNCTION("""COMPUTED_VALUE"""),"No") -> No
A11: =IFERROR(__xludf.DUMMYFUNCTION("""COMPUTED_VALUE"""),"collect/miscellaneous/Dhaka FM/DFM - AUDIO CLIP (03-01-2023)/8ece0cee-3d6e-44c9-9758-a456fb8c0855.flac") -> collect/miscellaneous/Dhaka FM/DFM - AUDIO CLIP (03-01-2023)/8ece0cee-3d6e-44c9-9758-a456fb8c0855.flac | B11: =IFERROR(__xludf.DUMMYFUNCTION("""COMPUTED_VALUE"""),30.0) -> 30 | C11: =IFERROR(__xludf.DUMMYFUNCTION("""COMPUTED_VALUE"""),"লাইফ হ্যাকস ্াক্স হেভারেন্স ওয়েলকামটু ঢাকায় ফেম ন ইনি ভয়ন ফোরর চলছে লাইফ আক্সউইচরিতে আর না ওয়ারে ওয়ানে সেদারিজে স্যাম্টারিস আমাদের স্ক্রিন কিন্তু অনেক সময় রাফ হয়ে যায় এবং মনে হয় যন স্ক্রিনটা কেমন জানি ডাল হয়ে যাচ্ছে কেমন জানি হয়ে যাচ্ছে ইউকেন ডু ওয়ানথেং দ"&"্যডিজ আমাদের হাতের কাছে এগুলো থাকে তিষি আছে না বাজারে কিন্তু তৃষি কিনতেই পাওয়া যায় যেটাকে আমরা বলি ফ্ল্যাক্স সেট ওকে সেই তিরষিটা নেবেন") -> লাইফ হ্যাকস ্াক্স হেভারেন্স ওয়েলকামটু ঢাকায় ফেম ন ইনি ভয়ন ফোরর চলছে লাইফ আক্সউইচরিতে আর না ওয়ারে ওয়ানে সেদারিজে স্যাম্টারিস আমাদের স্ক্রিন কিন্তু অনেক সময় রাফ হয়ে যায় এবং মনে হয় যন স্ক্রিনটা কেমন জানি ডাল হয়ে যাচ্ছে কেমন জানি হয়ে যাচ্ছে ইউকেন ডু ওয়ানথেং দ্যডিজ আমাদের হাতের কাছে এগুলো থাকে তিষি আছে না বাজারে কিন্তু তৃষি কিনতেই পাওয়া যায় যেটাকে আমরা বলি ফ্ল্যাক্স সেট ওকে সেই তিরষিটা নেবেন | D11: =IFERROR(__xludf.DUMMYFUNCTION("""COMPUTED_VALUE"""),"No") -> No | E11: =IFERROR(__xludf.DUMMYFUNCTION("""COMPUTED_VALUE"""),"Yes") -> Yes | F11: =IFERROR(__xludf.DUMMYFUNCTION("""COMPUTED_VALUE"""),"Yes") -> Yes | G11: =IFERROR(__xludf.DUMMYFUNCTION("""COMPUTED_VALUE"""),0.0) -> 0 | H11: =IFERROR(__xludf.DUMMYFUNCTION("""COMPUTED_VALUE"""),0.0) -> 0 | I11: =IFERROR(__xludf.DUMMYFUNCTION("""COMPUTED_VALUE"""),0.0) -> 0 | J11: =IFERROR(__xludf.DUMMYFUNCTION("""COMPUTED_VALUE"""),0.0) -> 0 | K11: =IFERROR(__xludf.DUMMYFUNCTION("""COMPUTED_VALUE"""),"1 - Unusable Severely degraded, or non-Bangla") -> 1 - Unusable Severely degraded, or non-Bangla | L11: =IFERROR(__xludf.DUMMYFUNCTION("""COMPUTED_VALUE"""),"Yes") -> Yes
A12: =IFERROR(__xludf.DUMMYFUNCTION("""COMPUTED_VALUE"""),"collect/miscellaneous/Dhaka FM/DFM - AUDIO CLIP (03-01-2023)/25cf1247-cba1-471a-97a0-87b095b2fa5f.flac") -> collect/miscellaneous/Dhaka FM/DFM - AUDIO CLIP (03-01-2023)/25cf1247-cba1-471a-97a0-87b095b2fa5f.flac | B12: =IFERROR(__xludf.DUMMYFUNCTION("""COMPUTED_VALUE"""),30.0) -> 30 | C12: =IFERROR(__xludf.DUMMYFUNCTION("""COMPUTED_VALUE"""),"যাবেন হোক সেটি বাড়ির কাছের কোনো টঙয়ের দোকান বা কাঁচাবাজার যেখানেই যাবেন অবশ্যই মাস্ক পরিধান করতে হবে আারবার সাবান পানিদের হাত ধোয়া এই নিয়মগুলো মেনে চলতেই হবে এবং ঘরে থাকাকালীন পরিবারের সদস্যদের কাজেই পারস্পরিক সহায়তা করুন শিশুদের সময় দিন মানসিক শারীরিক ও "&"পারিবারিকভাবে সুস্থ থাকুন নিয়ম মেনে সবাই এরসাথে করোনা ঠেকাই সহযোগিতায় এইচবিসিসি ইউকেইড ইউনিলিভার জনস্বার্থে ব্র্যাক") -> যাবেন হোক সেটি বাড়ির কাছের কোনো টঙয়ের দোকান বা কাঁচাবাজার যেখানেই যাবেন অবশ্যই মাস্ক পরিধান করতে হবে আারবার সাবান পানিদের হাত ধোয়া এই নিয়মগুলো মেনে চলতেই হবে এবং ঘরে থাকাকালীন পরিবারের সদস্যদের কাজেই পারস্পরিক সহায়তা করুন শিশুদের সময় দিন মানসিক শারীরিক ও পারিবারিকভাবে সুস্থ থাকুন নিয়ম মেনে সবাই এরসাথে করোনা ঠেকাই সহযোগিতায় এইচবিসিসি ইউকেইড ইউনিলিভার জনস্বার্থে ব্র্যাক | D12: =IFERROR(__xludf.DUMMYFUNCTION("""COMPUTED_VALUE"""),"Yes") -> Yes | E12: =IFERROR(__xludf.DUMMYFUNCTION("""COMPUTED_VALUE"""),"No") -> No | F12: =IFERROR(__xludf.DUMMYFUNCTION("""COMPUTED_VALUE"""),"Yes") -> Yes | G12: =IFERROR(__xludf.DUMMYFUNCTION("""COMPUTED_VALUE"""),0.5) -> 0.5 | H12: =IFERROR(__xludf.DUMMYFUNCTION("""COMPUTED_VALUE"""),0.5) -> 0.5 | I12: =IFERROR(__xludf.DUMMYFUNCTION("""COMPUTED_VALUE"""),1.0) -> 1 | J12: =IFERROR(__xludf.DUMMYFUNCTION("""COMPUTED_VALUE"""),0.0) -> 0 | K12: =IFERROR(__xludf.DUMMYFUNCTION("""COMPUTED_VALUE"""),"4– Usable, minor flaws Minor background noise.") -> 4– Usable, minor flaws Minor background noise. | L12: =IFERROR(__xludf.DUMMYFUNCTION("""COMPUTED_VALUE"""),"Yes") -> Yes
A13: =IFERROR(__xludf.DUMMYFUNCTION("""COMPUTED_VALUE"""),"collect/miscellaneous/Dhaka FM/DFM - AUDIO CLIP (03-01-2023)/47baf3b9-58de-4b40-8433-80ad260a5f02.flac") -> collect/miscellaneous/Dhaka FM/DFM - AUDIO CLIP (03-01-2023)/47baf3b9-58de-4b40-8433-80ad260a5f02.flac | B13: =IFERROR(__xludf.DUMMYFUNCTION("""COMPUTED_VALUE"""),30.0) -> 30 | C13: =IFERROR(__xludf.DUMMYFUNCTION("""COMPUTED_VALUE"""),"যারা স্পেইশ সেরি ঢাকায় নাইটি পয়েন্ট ফোর ফেইসবুক স্ট্রিমিং দেশ এবং বাইরে থেকে দেখছেন এবং আমাদের ঢাকায় ফ্যামনাইন্টিফোরেন্ট ফোরে ফ্রিকেন্সি মডিউলে থ্রু দিয়ে পুরো বাংলাদেশে পৌঁছে যাচ্ছে যে আমাদের কণ্ঠসার তাদের সবাইক অনেক ভালোবাসা দারুণ শ্রদ্ধার সাথে স্বাগত জা"&"নাচ্ছি ভালোবাসা বাংলাদেশের আজকের আয়োজনে আমরা কিন্তু নিজেরা ও স্পেশালি আমাদের পারো ডিস্পন্সর জুয়েলের নেতৃত্বে এই প্রোগ্রামটা যখন করিপুরো টিমের কেউ ভালো থাকক না থাকুক কষ্টে থাকুক অথবা অনেক বেশি") -> যারা স্পেইশ সেরি ঢাকায় নাইটি পয়েন্ট ফোর ফেইসবুক স্ট্রিমিং দেশ এবং বাইরে থেকে দেখছেন এবং আমাদের ঢাকায় ফ্যামনাইন্টিফোরেন্ট ফোরে ফ্রিকেন্সি মডিউলে থ্রু দিয়ে পুরো বাংলাদেশে পৌঁছে যাচ্ছে যে আমাদের কণ্ঠসার তাদের সবাইক অনেক ভালোবাসা দারুণ শ্রদ্ধার সাথে স্বাগত জানাচ্ছি ভালোবাসা বাংলাদেশের আজকের আয়োজনে আমরা কিন্তু নিজেরা ও স্পেশালি আমাদের পারো ডিস্পন্সর জুয়েলের নেতৃত্বে এই প্রোগ্রামটা যখন করিপুরো টিমের কেউ ভালো থাকক না থাকুক কষ্টে থাকুক অথবা অনেক বেশি | D13: =IFERROR(__xludf.DUMMYFUNCTION("""COMPUTED_VALUE"""),"Yes") -> Yes | E13: =IFERROR(__xludf.DUMMYFUNCTION("""COMPUTED_VALUE"""),"No") -> No | F13: =IFERROR(__xludf.DUMMYFUNCTION("""COMPUTED_VALUE"""),"Yes") -> Yes | G13: =IFERROR(__xludf.DUMMYFUNCTION("""COMPUTED_VALUE"""),0.5) -> 0.5 | H13: =IFERROR(__xludf.DUMMYFUNCTION("""COMPUTED_VALUE"""),0.5) -> 0.5 | I13: =IFERROR(__xludf.DUMMYFUNCTION("""COMPUTED_VALUE"""),0.5) -> 0.5 | J13: =IFERROR(__xludf.DUMMYFUNCTION("""COMPUTED_VALUE"""),0.0) -> 0 | K13: =IFERROR(__xludf.DUMMYFUNCTION("""COMPUTED_VALUE"""),"3 – Mixed language or inconsistent quality") -> 3 – Mixed language or inconsistent quality | L13: =IFERROR(__xludf.DUMMYFUNCTION("""COMPUTED_VALUE"""),"Yes") -> Yes
A14: =IFERROR(__xludf.DUMMYFUNCTION("""COMPUTED_VALUE"""),"collect/miscellaneous/Dhaka FM/DFM - AUDIO CLIP (03-01-2023)/61f13976-323d-412f-bbed-89696ed40770.flac") -> collect/miscellaneous/Dhaka FM/DFM - AUDIO CLIP (03-01-2023)/61f13976-323d-412f-bbed-89696ed40770.flac | B14: =IFERROR(__xludf.DUMMYFUNCTION("""COMPUTED_VALUE"""),30.0) -> 30 | C14: =IFERROR(__xludf.DUMMYFUNCTION("""COMPUTED_VALUE"""),"মেট্রোরেলের একটা ব্যাপার দেখলাম আমি মেট্রোরেল নাকি অনেকেই মানে উত্তরা থেকে টিকেট কেটে মিরপুর এসে দেখেন যে কেমন শীত পড়ল বার অনেক আছেন যে মিরপুর থেকে টিকেট কেটে উত্তরা গিয়ে দেখেন কেমন শীত পড়ল সেটা যাচাই ব্যাছাই করার জন্য আপনার নাকি মেট্রোরেলকে বেছে নিয়েনছেন"&" তো এটা একটু বলে রাখে আপনাদেরকে যে মেট্রো রেলের যেই রোজগুলো দেয়া হয়েছে সেই রোজগুলো যদি াবে ভায়োলেটেড হয় তাহলে কিন্তু এক কোটি টাকার জরিমানার ব্যবস্থা করা হয়েছে এবং দশ বছরের কারাদণ্ড সো যদি কেউ এই রু") -> মেট্রোরেলের একটা ব্যাপার দেখলাম আমি মেট্রোরেল নাকি অনেকেই মানে উত্তরা থেকে টিকেট কেটে মিরপুর এসে দেখেন যে কেমন শীত পড়ল বার অনেক আছেন যে মিরপুর থেকে টিকেট কেটে উত্তরা গিয়ে দেখেন কেমন শীত পড়ল সেটা যাচাই ব্যাছাই করার জন্য আপনার নাকি মেট্রোরেলকে বেছে নিয়েনছেন তো এটা একটু বলে রাখে আপনাদেরকে যে মেট্রো রেলের যেই রোজগুলো দেয়া হয়েছে সেই রোজগুলো যদি াবে ভায়োলেটেড হয় তাহলে কিন্তু এক কোটি টাকার জরিমানার ব্যবস্থা করা হয়েছে এবং দশ বছরের কারাদণ্ড সো যদি কেউ এই রু | D14: =IFERROR(__xludf.DUMMYFUNCTION("""COMPUTED_VALUE"""),"Yes") -> Yes | E14: =IFERROR(__xludf.DUMMYFUNCTION("""COMPUTED_VALUE"""),"Yes") -> Yes | F14: =IFERROR(__xludf.DUMMYFUNCTION("""COMPUTED_VALUE"""),"Yes") -> Yes | G14: =IFERROR(__xludf.DUMMYFUNCTION("""COMPUTED_VALUE"""),0.5) -> 0.5 | H14: =IFERROR(__xludf.DUMMYFUNCTION("""COMPUTED_VALUE"""),0.5) -> 0.5 | I14: =IFERROR(__xludf.DUMMYFUNCTION("""COMPUTED_VALUE"""),0.5) -> 0.5 | J14: =IFERROR(__xludf.DUMMYFUNCTION("""COMPUTED_VALUE"""),0.0) -> 0 | K14: =IFERROR(__xludf.DUMMYFUNCTION("""COMPUTED_VALUE"""),"3 – Mixed language or inconsistent quality") -> 3 – Mixed language or inconsistent quality | L14: =IFERROR(__xludf.DUMMYFUNCTION("""COMPUTED_VALUE"""),"No") -> No
A15: =IFERROR(__xludf.DUMMYFUNCTION("""COMPUTED_VALUE"""),"collect/miscellaneous/Dhaka FM/DFM - AUDIO CLIP (03-01-2023)/65a929bf-f7a5-4bcb-9852-a6b804fdf114.flac") -> collect/miscellaneous/Dhaka FM/DFM - AUDIO CLIP (03-01-2023)/65a929bf-f7a5-4bcb-9852-a6b804fdf114.flac | B15: =IFERROR(__xludf.DUMMYFUNCTION("""COMPUTED_VALUE"""),13.554) -> 13.554 | C15: =IFERROR(__xludf.DUMMYFUNCTION("""COMPUTED_VALUE"""),"কওয়ানসেক্সটুসিক ে তরো ইজাওরাইস এমএন্স নাম্বার ফেসবুক ডটকম স্ল্যাশ এালা আপডাাকায় ভ্যাম হচ্ছে ফেইসবুকের ঠিকানা অ্যান্ড জেরো ওয়ান এইটফর ওয়ান নাইন্জ রফ নাইন্জের ওপর হচ্ছে ওয়াজসেট নাম্বর") -> কওয়ানসেক্সটুসিক ে তরো ইজাওরাইস এমএন্স নাম্বার ফেসবুক ডটকম স্ল্যাশ এালা আপডাাকায় ভ্যাম হচ্ছে ফেইসবুকের ঠিকানা অ্যান্ড জেরো ওয়ান এইটফর ওয়ান নাইন্জ রফ নাইন্জের ওপর হচ্ছে ওয়াজসেট নাম্বর | D15: =IFERROR(__xludf.DUMMYFUNCTION("""COMPUTED_VALUE"""),"No") -> No | E15: =IFERROR(__xludf.DUMMYFUNCTION("""COMPUTED_VALUE"""),"Yes") -> Yes | F15: =IFERROR(__xludf.DUMMYFUNCTION("""COMPUTED_VALUE"""),"Yes") -> Yes | G15: =IFERROR(__xludf.DUMMYFUNCTION("""COMPUTED_VALUE"""),0.0) -> 0 | H15: =IFERROR(__xludf.DUMMYFUNCTION("""COMPUTED_VALUE"""),0.0) -> 0 | I15: =IFERROR(__xludf.DUMMYFUNCTION("""COMPUTED_VALUE"""),0.0) -> 0 | J15: =IFERROR(__xludf.DUMMYFUNCTION("""COMPUTED_VALUE"""),0.0) -> 0 | K15: =IFERROR(__xludf.DUMMYFUNCTION("""COMPUTED_VALUE"""),"1 - Unusable Severely degraded, or non-Bangla") -> 1 - Unusable Severely degraded, or non-Bangla | L15: =IFERROR(__xludf.DUMMYFUNCTION("""COMPUTED_VALUE"""),"Yes") -> Yes
A16: =IFERROR(__xludf.DUMMYFUNCTION("""COMPUTED_VALUE"""),"collect/miscellaneous/Dhaka FM/DFM - AUDIO CLIP (03-01-2023)/070da6ae-4fd1-49a3-acc7-0c3daa6314a7.flac") -> collect/miscellaneous/Dhaka FM/DFM - AUDIO CLIP (03-01-2023)/070da6ae-4fd1-49a3-acc7-0c3daa6314a7.flac | B16: =IFERROR(__xludf.DUMMYFUNCTION("""COMPUTED_VALUE"""),30.0) -> 30 | C16: =IFERROR(__xludf.DUMMYFUNCTION("""COMPUTED_VALUE"""),"িচ্ছে পরের দিন একটু রেলাক্সে কোরবানি দিব এবং হৈচৈ হই হই রইরই ব্যাপারটা একটু কম হবে ঝামেলাটাও একটু কম হবে ওয়েল দ্যাটসনট বাড ক অ্যাট হল আমি ছোটবেলা দেখে থেকে দেখে আসছি যে আমাদের বাড়ি আমাদের পাশের বাড়ি তা আমাদের সামনের বাড়িটা আমরা সবাই করবেন দিচ্ছি কিন্তু তা"&"র কর্নারে জে বাড়িটা উনারা দিচ্ছে না বিকজ তারা ঈদের পরের দিন কোরবানি দিবেন এবং এদের পরের দিন বেশ সময় নিয়ে ওনারা কাজটা্জ করবেন যেরকম অনেক বাড়িতেই হয় আবার অনেকে এদের তৃতীয় দিন চতুর্থ দিন কোরবানি") -> িচ্ছে পরের দিন একটু রেলাক্সে কোরবানি দিব এবং হৈচৈ হই হই রইরই ব্যাপারটা একটু কম হবে ঝামেলাটাও একটু কম হবে ওয়েল দ্যাটসনট বাড ক অ্যাট হল আমি ছোটবেলা দেখে থেকে দেখে আসছি যে আমাদের বাড়ি আমাদের পাশের বাড়ি তা আমাদের সামনের বাড়িটা আমরা সবাই করবেন দিচ্ছি কিন্তু তার কর্নারে জে বাড়িটা উনারা দিচ্ছে না বিকজ তারা ঈদের পরের দিন কোরবানি দিবেন এবং এদের পরের দিন বেশ সময় নিয়ে ওনারা কাজটা্জ করবেন যেরকম অনেক বাড়িতেই হয় আবার অনেকে এদের তৃতীয় দিন চতুর্থ দিন কোরবানি | D16: =IFERROR(__xludf.DUMMYFUNCTION("""COMPUTED_VALUE"""),"Yes") -> Yes | E16: =IFERROR(__xludf.DUMMYFUNCTION("""COMPUTED_VALUE"""),"No") -> No | F16: =IFERROR(__xludf.DUMMYFUNCTION("""COMPUTED_VALUE"""),"Yes") -> Yes | G16: =IFERROR(__xludf.DUMMYFUNCTION("""COMPUTED_VALUE"""),0.5) -> 0.5 | H16: =IFERROR(__xludf.DUMMYFUNCTION("""COMPUTED_VALUE"""),0.5) -> 0.5 | I16: =IFERROR(__xludf.DUMMYFUNCTION("""COMPUTED_VALUE"""),0.5) -> 0.5 | J16: =IFERROR(__xludf.DUMMYFUNCTION("""COMPUTED_VALUE"""),0.0) -> 0 | K16: =IFERROR(__xludf.DUMMYFUNCTION("""COMPUTED_VALUE"""),"4– Usable, minor flaws Minor background noise.") -> 4– Usable, minor flaws Minor background noise. | L16: =IFERROR(__xludf.DUMMYFUNCTION("""COMPUTED_VALUE"""),"No") -> No
A17: =IFERROR(__xludf.DUMMYFUNCTION("""COMPUTED_VALUE"""),"collect/miscellaneous/Dhaka FM/DFM - AUDIO CLIP (03-01-2023)/102e59c7-a4db-4a21-ad17-bd7dfc418c6e.flac") -> collect/miscellaneous/Dhaka FM/DFM - AUDIO CLIP (03-01-2023)/102e59c7-a4db-4a21-ad17-bd7dfc418c6e.flac | B17: =IFERROR(__xludf.DUMMYFUNCTION("""COMPUTED_VALUE"""),30.0) -> 30 | C17: =IFERROR(__xludf.DUMMYFUNCTION("""COMPUTED_VALUE"""),"বেঁধে যায় ইন্দ্যাট কেজ আপনার রার যেত এরকম চাললি না থাকে তাহলে খালি বোটল আছে না আমরা যে পানির বোতলগুলো কিনিয়ে বাইরে থেকে ওটার বোটম পার্টটা কেটে জাস্ট নিচে তলা নিতে কয়েকটা ফুটো করে নিন ফুটো করে যা স্টইসিংকের মুখের পেয়ে ছোট বোতল বা মাঝের বধ যত বড়ই হোক আপনার "&"সিংকের মুখটা ওখানে বসেই দিন দেখবেন যত ময়লাটোলা আছে ওই চালনির মধ্যে রয়ে গেছে এবং পানিটা সুন্দরভাবে ড্রেন হয়ে যাচ্ছে ড্যাটসেজ জেম্পালান এইজিসেও না") -> বেঁধে যায় ইন্দ্যাট কেজ আপনার রার যেত এরকম চাললি না থাকে তাহলে খালি বোটল আছে না আমরা যে পানির বোতলগুলো কিনিয়ে বাইরে থেকে ওটার বোটম পার্টটা কেটে জাস্ট নিচে তলা নিতে কয়েকটা ফুটো করে নিন ফুটো করে যা স্টইসিংকের মুখের পেয়ে ছোট বোতল বা মাঝের বধ যত বড়ই হোক আপনার সিংকের মুখটা ওখানে বসেই দিন দেখবেন যত ময়লাটোলা আছে ওই চালনির মধ্যে রয়ে গেছে এবং পানিটা সুন্দরভাবে ড্রেন হয়ে যাচ্ছে ড্যাটসেজ জেম্পালান এইজিসেও না | D17: =IFERROR(__xludf.DUMMYFUNCTION("""COMPUTED_VALUE"""),"No") -> No | E17: =IFERROR(__xludf.DUMMYFUNCTION("""COMPUTED_VALUE"""),"Yes") -> Yes | F17: =IFERROR(__xludf.DUMMYFUNCTION("""COMPUTED_VALUE"""),"Yes") -> Yes | G17: =IFERROR(__xludf.DUMMYFUNCTION("""COMPUTED_VALUE"""),0.0) -> 0 | H17: =IFERROR(__xludf.DUMMYFUNCTION("""COMPUTED_VALUE"""),0.5) -> 0.5 | I17: =IFERROR(__xludf.DUMMYFUNCTION("""COMPUTED_VALUE"""),0.5) -> 0.5 | J17: =IFERROR(__xludf.DUMMYFUNCTION("""COMPUTED_VALUE"""),0.0) -> 0 | K17: =IFERROR(__xludf.DUMMYFUNCTION("""COMPUTED_VALUE"""),"3 – Mixed language or inconsistent quality") -> 3 – Mixed language or inconsistent quality | L17: =IFERROR(__xludf.DUMMYFUNCTION("""COMPUTED_VALUE"""),"Yes") -> Yes
A18: =IFERROR(__xludf.DUMMYFUNCTION("""COMPUTED_VALUE"""),"collect/miscellaneous/Dhaka FM/DFM - AUDIO CLIP (03-01-2023)/172b1ac4-4f52-4fcb-a02d-81fc821bb5f6.flac") -> collect/miscellaneous/Dhaka FM/DFM - AUDIO CLIP (03-01-2023)/172b1ac4-4f52-4fcb-a02d-81fc821bb5f6.flac | B18: =IFERROR(__xludf.DUMMYFUNCTION("""COMPUTED_VALUE"""),30.0) -> 30 | C18: =IFERROR(__xludf.DUMMYFUNCTION("""COMPUTED_VALUE"""),"এবং আমি বন্ধুদেকে জানিয়ে রাখতে চাচ্ছি কেনা কাটার পেিে আপনাদের বেশি লাভ দিতেই নগদ নিয়ে এসেছে দারুণ ক্যাশব্যাক এবং ডিসকাউন্ট অফআর পবিত্র মাহেরমজান এবং ঈদ উপলক্ষে আপনি যদি কৃষিবিদ বাজারে নগদের মাধ্যমে পেমেন্ট করে থাকেন তাহলে কিন্তু পেয়ে যাচ্ছেন দশ পার্সেন্ট "&"অর্থার টেন পার্সেন্ট ক্যাশ ব্যাক সবাইক আশা করছি এই ওফারটি নেওয়ার চেষ্টা করবেন এবং আমি আবার চলে যাচ্ছি আমাদের স্টুডিওতে ধন্যবাদ স্যানজিব এবং আমাদেরকে দুর্দান্ত কিছু শপিং আপডেট জানিয়ে দেওয়ার জন্য নগদেশ সৌজন্যে তো") -> এবং আমি বন্ধুদেকে জানিয়ে রাখতে চাচ্ছি কেনা কাটার পেিে আপনাদের বেশি লাভ দিতেই নগদ নিয়ে এসেছে দারুণ ক্যাশব্যাক এবং ডিসকাউন্ট অফআর পবিত্র মাহেরমজান এবং ঈদ উপলক্ষে আপনি যদি কৃষিবিদ বাজারে নগদের মাধ্যমে পেমেন্ট করে থাকেন তাহলে কিন্তু পেয়ে যাচ্ছেন দশ পার্সেন্ট অর্থার টেন পার্সেন্ট ক্যাশ ব্যাক সবাইক আশা করছি এই ওফারটি নেওয়ার চেষ্টা করবেন এবং আমি আবার চলে যাচ্ছি আমাদের স্টুডিওতে ধন্যবাদ স্যানজিব এবং আমাদেরকে দুর্দান্ত কিছু শপিং আপডেট জানিয়ে দেওয়ার জন্য নগদেশ সৌজন্যে তো | D18: =IFERROR(__xludf.DUMMYFUNCTION("""COMPUTED_VALUE"""),"Yes") -> Yes | E18: =IFERROR(__xludf.DUMMYFUNCTION("""COMPUTED_VALUE"""),"No") -> No | F18: =IFERROR(__xludf.DUMMYFUNCTION("""COMPUTED_VALUE"""),"Yes") -> Yes | G18: =IFERROR(__xludf.DUMMYFUNCTION("""COMPUTED_VALUE"""),0.5) -> 0.5 | H18: =IFERROR(__xludf.DUMMYFUNCTION("""COMPUTED_VALUE"""),0.5) -> 0.5 | I18: =IFERROR(__xludf.DUMMYFUNCTION("""COMPUTED_VALUE"""),0.5) -> 0.5 | J18: =IFERROR(__xludf.DUMMYFUNCTION("""COMPUTED_VALUE"""),0.0) -> 0 | K18: =IFERROR(__xludf.DUMMYFUNCTION("""COMPUTED_VALUE"""),"4– Usable, minor flaws Minor background noise.") -> 4– Usable, minor flaws Minor background noise. | L18: =IFERROR(__xludf.DUMMYFUNCTION("""COMPUTED_VALUE"""),"Yes") -> Yes
A19: =IFERROR(__xludf.DUMMYFUNCTION("""COMPUTED_VALUE"""),"collect/miscellaneous/Dhaka FM/DFM - AUDIO CLIP (03-01-2023)/217da541-43a2-4bc8-946f-42785192c5fe.flac") -> collect/miscellaneous/Dhaka FM/DFM - AUDIO CLIP (03-01-2023)/217da541-43a2-4bc8-946f-42785192c5fe.flac | B19: =IFERROR(__xludf.DUMMYFUNCTION("""COMPUTED_VALUE"""),30.0) -> 30 | C19: =IFERROR(__xludf.DUMMYFUNCTION("""COMPUTED_VALUE"""),"সেই না আর বার বারি কে এমন যন মনে হয় উফকি করে জুতাপুরে বাইরে যায় বারে যাই যাস স্টফ থিংকিং লাইক ডাট ওকে ডু ওয়ান থিং নেলপলিস রিমওভার আছে না নেলপলি রিমুয়ার্টা নিয়ে একটা কটনবল মানে তুলো নিয়ে তুলত রিমোভার দিন নিয়ে তারপরে জুতার যে অংশটায় ডাক লেগে আছে না বা একটু "&"স্টেইন মনে হচ্ছে ওই খানটা একটু যেমনকার আপনি নেলপালিষ্ট উঠান আঙ্গুল থেকে নক থেকে ঠিক তেমন করে দাকতা উঠানোর চেষ্টা করান দেখবেন যে আপনার সাদা জুদা সাদা থাকছে এবং আপনার মনের মধ্যেয়ে একটু ভালো") -> সেই না আর বার বারি কে এমন যন মনে হয় উফকি করে জুতাপুরে বাইরে যায় বারে যাই যাস স্টফ থিংকিং লাইক ডাট ওকে ডু ওয়ান থিং নেলপলিস রিমওভার আছে না নেলপলি রিমুয়ার্টা নিয়ে একটা কটনবল মানে তুলো নিয়ে তুলত রিমোভার দিন নিয়ে তারপরে জুতার যে অংশটায় ডাক লেগে আছে না বা একটু স্টেইন মনে হচ্ছে ওই খানটা একটু যেমনকার আপনি নেলপালিষ্ট উঠান আঙ্গুল থেকে নক থেকে ঠিক তেমন করে দাকতা উঠানোর চেষ্টা করান দেখবেন যে আপনার সাদা জুদা সাদা থাকছে এবং আপনার মনের মধ্যেয়ে একটু ভালো | D19: =IFERROR(__xludf.DUMMYFUNCTION("""COMPUTED_VALUE"""),"No") -> No | E19: =IFERROR(__xludf.DUMMYFUNCTION("""COMPUTED_VALUE"""),"Yes") -> Yes | F19: =IFERROR(__xludf.DUMMYFUNCTION("""COMPUTED_VALUE"""),"Yes") -> Yes | G19: =IFERROR(__xludf.DUMMYFUNCTION("""COMPUTED_VALUE"""),0.5) -> 0.5 | H19: =IFERROR(__xludf.DUMMYFUNCTION("""COMPUTED_VALUE"""),0.5) -> 0.5 | I19: =IFERROR(__xludf.DUMMYFUNCTION("""COMPUTED_VALUE"""),0.5) -> 0.5 | J19: =IFERROR(__xludf.DUMMYFUNCTION("""COMPUTED_VALUE"""),0.0) -> 0 | K19: =IFERROR(__xludf.DUMMYFUNCTION("""COMPUTED_VALUE"""),"3 – Mixed language or inconsistent quality") -> 3 – Mixed language or inconsistent quality | L19: =IFERROR(__xludf.DUMMYFUNCTION("""COMPUTED_VALUE"""),"Yes") -> Yes
A20: =IFERROR(__xludf.DUMMYFUNCTION("""COMPUTED_VALUE"""),"collect/miscellaneous/Dhaka FM/DFM - AUDIO CLIP (03-01-2023)/305ebb93-20d8-469f-a56d-7c0740a1f7ea.flac") -> collect/miscellaneous/Dhaka FM/DFM - AUDIO CLIP (03-01-2023)/305ebb93-20d8-469f-a56d-7c0740a1f7ea.flac | B20: =IFERROR(__xludf.DUMMYFUNCTION("""COMPUTED_VALUE"""),30.0) -> 30 | C20: =IFERROR(__xludf.DUMMYFUNCTION("""COMPUTED_VALUE"""),"এটা হয়নি এমনিটি দেখতে আসছি কিছু পছন্দ হয় কিনা আছা ও ক্যাপস কন প্ল্যান আছে যে পরিবারের কাউকে কোনো গ্িফট করবেন এমনি তো পকোনো প্লান নেই মানি যা করে সব ফ্যামনি থেকেই আমার কখনো কারোকে গিফট করা হয় নাই আছ ওকে কোনো প্রগ্লাম নেয় আপনি এখন অনেক ছোট আপু যখন আপনি অনেক"&" বড় হবেন তখন ইনশাল্লা আপনি সবাইকে গ্রিফট করবেন আছে রিয়ালিস্নের্স এই ছিল আজকে এর নগদের সৌজনের শপিং আপদেট জিেলিস্নের্ আাপনাদিরকে একটি জানিয়ে রাখি এইবাড়ের ইদে আপনার যদি") -> এটা হয়নি এমনিটি দেখতে আসছি কিছু পছন্দ হয় কিনা আছা ও ক্যাপস কন প্ল্যান আছে যে পরিবারের কাউকে কোনো গ্িফট করবেন এমনি তো পকোনো প্লান নেই মানি যা করে সব ফ্যামনি থেকেই আমার কখনো কারোকে গিফট করা হয় নাই আছ ওকে কোনো প্রগ্লাম নেয় আপনি এখন অনেক ছোট আপু যখন আপনি অনেক বড় হবেন তখন ইনশাল্লা আপনি সবাইকে গ্রিফট করবেন আছে রিয়ালিস্নের্স এই ছিল আজকে এর নগদের সৌজনের শপিং আপদেট জিেলিস্নের্ আাপনাদিরকে একটি জানিয়ে রাখি এইবাড়ের ইদে আপনার যদি | D20: =IFERROR(__xludf.DUMMYFUNCTION("""COMPUTED_VALUE"""),"No") -> No | E20: =IFERROR(__xludf.DUMMYFUNCTION("""COMPUTED_VALUE"""),"Yes") -> Yes | F20: =IFERROR(__xludf.DUMMYFUNCTION("""COMPUTED_VALUE"""),"Yes") -> Yes | G20: =IFERROR(__xludf.DUMMYFUNCTION("""COMPUTED_VALUE"""),0.0) -> 0 | H20: =IFERROR(__xludf.DUMMYFUNCTION("""COMPUTED_VALUE"""),0.0) -> 0 | I20: =IFERROR(__xludf.DUMMYFUNCTION("""COMPUTED_VALUE"""),0.0) -> 0 | J20: =IFERROR(__xludf.DUMMYFUNCTION("""COMPUTED_VALUE"""),0.0) -> 0 | K20: =IFERROR(__xludf.DUMMYFUNCTION("""COMPUTED_VALUE"""),"1 - Unusable Severely degraded, or non-Bangla") -> 1 - Unusable Severely degraded, or non-Bangla | L20: =IFERROR(__xludf.DUMMYFUNCTION("""COMPUTED_VALUE"""),"No") -> No
A21: =IFERROR(__xludf.DUMMYFUNCTION("""COMPUTED_VALUE"""),"collect/miscellaneous/Dhaka FM/DFM - AUDIO CLIP (03-01-2023)/322cadbd-1c6a-429b-8a28-8ebb1a685eff.flac") -> collect/miscellaneous/Dhaka FM/DFM - AUDIO CLIP (03-01-2023)/322cadbd-1c6a-429b-8a28-8ebb1a685eff.flac | B21: =IFERROR(__xludf.DUMMYFUNCTION("""COMPUTED_VALUE"""),16.225) -> 16.225 | C21: =IFERROR(__xludf.DUMMYFUNCTION("""COMPUTED_VALUE"""),"পরে মানে হচ্ছে প্রতি শনিবার ঠিক এগারোটা থেকে দ্রুত পর্যন্ত সোটা করে থাকি তো অবশ্যই আমার সেতু জানন কবে আর হ্যাঁ আমাদ সত্যী কিন্তু শুধুমাত্র পুরনো হারনো দিনের গানগুলোই নে করি যাতে তোমাদের কে পুরনো স্মৃতি কিনিয়ে যেতে পারি অবশ্যই আমার সাথে থাকবে আর ি একটু পরে"&" লাশ বাড়ের মতো") -> পরে মানে হচ্ছে প্রতি শনিবার ঠিক এগারোটা থেকে দ্রুত পর্যন্ত সোটা করে থাকি তো অবশ্যই আমার সেতু জানন কবে আর হ্যাঁ আমাদ সত্যী কিন্তু শুধুমাত্র পুরনো হারনো দিনের গানগুলোই নে করি যাতে তোমাদের কে পুরনো স্মৃতি কিনিয়ে যেতে পারি অবশ্যই আমার সাথে থাকবে আর ি একটু পরে লাশ বাড়ের মতো | D21: =IFERROR(__xludf.DUMMYFUNCTION("""COMPUTED_VALUE"""),"No") -> No | E21: =IFERROR(__xludf.DUMMYFUNCTION("""COMPUTED_VALUE"""),"Yes") -> Yes | F21: =IFERROR(__xludf.DUMMYFUNCTION("""COMPUTED_VALUE"""),"Yes") -> Yes | G21: =IFERROR(__xludf.DUMMYFUNCTION("""COMPUTED_VALUE"""),0.0) -> 0 | H21: =IFERROR(__xludf.DUMMYFUNCTION("""COMPUTED_VALUE"""),0.0) -> 0 | I21: =IFERROR(__xludf.DUMMYFUNCTION("""COMPUTED_VALUE"""),0.0) -> 0 | J21: =IFERROR(__xludf.DUMMYFUNCTION("""COMPUTED_VALUE"""),0.0) -> 0 | K21: =IFERROR(__xludf.DUMMYFUNCTION("""COMPUTED_VALUE"""),"1 - Unusable Severely degraded, or non-Bangla") -> 1 - Unusable Severely degraded, or non-Bangla | L21: =IFERROR(__xludf.DUMMYFUNCTION("""COMPUTED_VALUE"""),"No") -> No
A22: =IFERROR(__xludf.DUMMYFUNCTION("""COMPUTED_VALUE"""),"collect/miscellaneous/Dhaka FM/DFM - AUDIO CLIP (03-01-2023)/351e5341-f98a-45d9-b2db-e9ec82684d79.flac") -> collect/miscellaneous/Dhaka FM/DFM - AUDIO CLIP (03-01-2023)/351e5341-f98a-45d9-b2db-e9ec82684d79.flac | B22: =IFERROR(__xludf.DUMMYFUNCTION("""COMPUTED_VALUE"""),30.0) -> 30 | C22: =IFERROR(__xludf.DUMMYFUNCTION("""COMPUTED_VALUE"""),"লাইফ হ্যাকস ্াক্স হেইভ রয়েন্স ওয়েলক্যাম ওয়ান সেকেন্টিউ ঢাকার াম নাইনি পয়েন্ট ফোর লাইফ অ্যাক্সিটি তাছে আপনার সাথে না ওয়ান থিং সামটেইমস ক্ী হয় যে আমাদের ফুড প্লাস্টিক র‌্যাপ আছে না সেই র‌্যাব পেপারগুলো ফুডপ্লাস্টিক র্াব পেপার বা ক্লিং ফিল্ম আমরা যেগুলোকে বল"&"ে থাকি ওগুলো অনেক সময় দেখতে দেখবেন যে আপনি যখন ওটা ছিড়তে যাচ্ছেন কোনো খাবার ঢাকার জন্য তুলতেই পারছেন না রোল্টা থেকে ইন্দাট মোমেন্ট ওয়াচ উইকেন্ডু জাস ক্রিপিটিন দে া") -> লাইফ হ্যাকস ্াক্স হেইভ রয়েন্স ওয়েলক্যাম ওয়ান সেকেন্টিউ ঢাকার াম নাইনি পয়েন্ট ফোর লাইফ অ্যাক্সিটি তাছে আপনার সাথে না ওয়ান থিং সামটেইমস ক্ী হয় যে আমাদের ফুড প্লাস্টিক র‌্যাপ আছে না সেই র‌্যাব পেপারগুলো ফুডপ্লাস্টিক র্াব পেপার বা ক্লিং ফিল্ম আমরা যেগুলোকে বলে থাকি ওগুলো অনেক সময় দেখতে দেখবেন যে আপনি যখন ওটা ছিড়তে যাচ্ছেন কোনো খাবার ঢাকার জন্য তুলতেই পারছেন না রোল্টা থেকে ইন্দাট মোমেন্ট ওয়াচ উইকেন্ডু জাস ক্রিপিটিন দে া | D22: =IFERROR(__xludf.DUMMYFUNCTION("""COMPUTED_VALUE"""),"No") -> No | E22: =IFERROR(__xludf.DUMMYFUNCTION("""COMPUTED_VALUE"""),"No") -> No | F22: =IFERROR(__xludf.DUMMYFUNCTION("""COMPUTED_VALUE"""),"Yes") -> Yes | G22: =IFERROR(__xludf.DUMMYFUNCTION("""COMPUTED_VALUE"""),0.0) -> 0 | H22: =IFERROR(__xludf.DUMMYFUNCTION("""COMPUTED_VALUE"""),0.0) -> 0 | I22: =IFERROR(__xludf.DUMMYFUNCTION("""COMPUTED_VALUE"""),0.0) -> 0 | J22: =IFERROR(__xludf.DUMMYFUNCTION("""COMPUTED_VALUE"""),0.0) -> 0 | K22: =IFERROR(__xludf.DUMMYFUNCTION("""COMPUTED_VALUE"""),"1 - Unusable Severely degraded, or non-Bangla") -> 1 - Unusable Severely degraded, or non-Bangla | L22: =IFERROR(__xludf.DUMMYFUNCTION("""COMPUTED_VALUE"""),"No") -> No
A23: =IFERROR(__xludf.DUMMYFUNCTION("""COMPUTED_VALUE"""),"collect/miscellaneous/Dhaka FM/DFM - AUDIO CLIP (03-01-2023)/364a7dc9-e34a-44c9-b005-90e896362146.flac") -> collect/miscellaneous/Dhaka FM/DFM - AUDIO CLIP (03-01-2023)/364a7dc9-e34a-44c9-b005-90e896362146.flac | B23: =IFERROR(__xludf.DUMMYFUNCTION("""COMPUTED_VALUE"""),30.0) -> 30 | C23: =IFERROR(__xludf.DUMMYFUNCTION("""COMPUTED_VALUE"""),"ে নুজিবসহ সমস্ত নেতাকে মুক্তি দিতে বাধ্য হয় পাকিস্তান সরকার শুধু তাহ নয় প্রবল পরাক্রমশালী প্রেসিডেন্ট আয়ু খান সেনাপ্রধান ইয়াহিয়া খানকে ক্ষমতা দিয়ে বিদায় নিল জেনারেল ইয়াহিয়া খান ক্ষমতায় এসেই পাকিস্তানের ইতিহাসে প্রথমবারের মতো নির্বাচন দেওয়ার ঘোষণা দিল তারে"&"ক ঠিক হলো উনিশশো সত্তর সালের সাত ডিসেম্বর নির্বাচন হলো যথা সময় ফলাফল দেখে জেনারেল ইয়াহিয়া খানের মাথায় যেন") -> ে নুজিবসহ সমস্ত নেতাকে মুক্তি দিতে বাধ্য হয় পাকিস্তান সরকার শুধু তাহ নয় প্রবল পরাক্রমশালী প্রেসিডেন্ট আয়ু খান সেনাপ্রধান ইয়াহিয়া খানকে ক্ষমতা দিয়ে বিদায় নিল জেনারেল ইয়াহিয়া খান ক্ষমতায় এসেই পাকিস্তানের ইতিহাসে প্রথমবারের মতো নির্বাচন দেওয়ার ঘোষণা দিল তারেক ঠিক হলো উনিশশো সত্তর সালের সাত ডিসেম্বর নির্বাচন হলো যথা সময় ফলাফল দেখে জেনারেল ইয়াহিয়া খানের মাথায় যেন | D23: =IFERROR(__xludf.DUMMYFUNCTION("""COMPUTED_VALUE"""),"Yes") -> Yes | E23: =IFERROR(__xludf.DUMMYFUNCTION("""COMPUTED_VALUE"""),"No") -> No | F23: =IFERROR(__xludf.DUMMYFUNCTION("""COMPUTED_VALUE"""),"Yes") -> Yes | G23: =IFERROR(__xludf.DUMMYFUNCTION("""COMPUTED_VALUE"""),0.5) -> 0.5 | H23: =IFERROR(__xludf.DUMMYFUNCTION("""COMPUTED_VALUE"""),0.5) -> 0.5 | I23: =IFERROR(__xludf.DUMMYFUNCTION("""COMPUTED_VALUE"""),0.5) -> 0.5 | J23: =IFERROR(__xludf.DUMMYFUNCTION("""COMPUTED_VALUE"""),0.0) -> 0 | K23: =IFERROR(__xludf.DUMMYFUNCTION("""COMPUTED_VALUE"""),"4– Usable, minor flaws Minor background noise.") -> 4– Usable, minor flaws Minor background noise. | L23: =IFERROR(__xludf.DUMMYFUNCTION("""COMPUTED_VALUE"""),"No") -> No
A24: =IFERROR(__xludf.DUMMYFUNCTION("""COMPUTED_VALUE"""),"collect/miscellaneous/Dhaka FM/DFM - AUDIO CLIP (03-01-2023)/380af50e-6ae5-47bf-b498-2bbc84b78476.flac") -> collect/miscellaneous/Dhaka FM/DFM - AUDIO CLIP (03-01-2023)/380af50e-6ae5-47bf-b498-2bbc84b78476.flac | B24: =IFERROR(__xludf.DUMMYFUNCTION("""COMPUTED_VALUE"""),23.313) -> 23.313 | C24: =IFERROR(__xludf.DUMMYFUNCTION("""COMPUTED_VALUE"""),"আিন গিয়ে টাইভ করে নাম লোকেশন তারপর কথা বযর্ত এবং পাঠি দিন মন্ সিক্সটিল সিক্জিরও নম্বরিটাতেএাা আপনি চাইলিজির ওয়ান ইট ফোরওয়ান নাইন্জের ও ফোরনাইন্জের ফর এই নম্বারটাতে লিখতে পারে না আগামীকালকে আমাদের ঢাকায় ফ্েমেরবাড়তি দেয় স উইশো করতে পারেন অ্যাডভেন্স হযাপিওয়া"&"ডদে জানাতে পারেন এন্ সবাইকে নতুন বছরের অনেক অনেক অনেক শুভেচ্ছা জানিয়ে শান্ত ছেট্ট ব্রেকে যাচ্ছি ফেরত আরশিবরেকের পরঞ্যে আচ্ছে না কোথাও") -> আিন গিয়ে টাইভ করে নাম লোকেশন তারপর কথা বযর্ত এবং পাঠি দিন মন্ সিক্সটিল সিক্জিরও নম্বরিটাতেএাা আপনি চাইলিজির ওয়ান ইট ফোরওয়ান নাইন্জের ও ফোরনাইন্জের ফর এই নম্বারটাতে লিখতে পারে না আগামীকালকে আমাদের ঢাকায় ফ্েমেরবাড়তি দেয় স উইশো করতে পারেন অ্যাডভেন্স হযাপিওয়াডদে জানাতে পারেন এন্ সবাইকে নতুন বছরের অনেক অনেক অনেক শুভেচ্ছা জানিয়ে শান্ত ছেট্ট ব্রেকে যাচ্ছি ফেরত আরশিবরেকের পরঞ্যে আচ্ছে না কোথাও | D24: =IFERROR(__xludf.DUMMYFUNCTION("""COMPUTED_VALUE"""),"No") -> No | E24: =IFERROR(__xludf.DUMMYFUNCTION("""COMPUTED_VALUE"""),"Yes") -> Yes | F24: =IFERROR(__xludf.DUMMYFUNCTION("""COMPUTED_VALUE"""),"Yes") -> Yes | G24: =IFERROR(__xludf.DUMMYFUNCTION("""COMPUTED_VALUE"""),0.0) -> 0 | H24: =IFERROR(__xludf.DUMMYFUNCTION("""COMPUTED_VALUE"""),0.0) -> 0 | I24: =IFERROR(__xludf.DUMMYFUNCTION("""COMPUTED_VALUE"""),0.0) -> 0 | J24: =IFERROR(__xludf.DUMMYFUNCTION("""COMPUTED_VALUE"""),0.0) -> 0 | K24: =IFERROR(__xludf.DUMMYFUNCTION("""COMPUTED_VALUE"""),"1 - Unusable Severely degraded, or non-Bangla") -> 1 - Unusable Severely degraded, or non-Bangla | L24: =IFERROR(__xludf.DUMMYFUNCTION("""COMPUTED_VALUE"""),"Yes") -> Yes
A25: =IFERROR(__xludf.DUMMYFUNCTION("""COMPUTED_VALUE"""),"collect/miscellaneous/Dhaka FM/DFM - AUDIO CLIP (03-01-2023)/472a953e-8ae1-4bb5-bcdb-83f1b4c91112.flac") -> collect/miscellaneous/Dhaka FM/DFM - AUDIO CLIP (03-01-2023)/472a953e-8ae1-4bb5-bcdb-83f1b4c91112.flac | B25: =IFERROR(__xludf.DUMMYFUNCTION("""COMPUTED_VALUE"""),30.0) -> 30 | C25: =IFERROR(__xludf.DUMMYFUNCTION("""COMPUTED_VALUE"""),"বলছি না ব্রেকের পর এসে আপনাকে জানাচ্ছি নগরঅ্যাপ থেকে অ্যাকাউন্ট খুলে নিজ নাম্বারে বিশ টাকা মোবাইল রিচার্জে বিশ টাকা ক্যাশ ব্যাক দেশী নগরে বেশি লাভ নগুদ ঈদ শোপিং আলো ফ্রয়েন্স ওয়েলকাম ব্যাকটু ঢাকায় ফে্ম নাইনিফ হন ফোর এ্যাক নেশন এক স্টেশনের ইতে আছি আপনার সাথ"&"ে তো যা বলছিলাম তখন যে ব্রেকের পরে ফিরে এসে নগদের আরো অন্যান্য অফারগুলো নিয়ে আপনাকে একটু জানান দেব তো চলুন জেনে নি গত তিন বছর ধরে নগদ ইসলামিক এমএফএস") -> বলছি না ব্রেকের পর এসে আপনাকে জানাচ্ছি নগরঅ্যাপ থেকে অ্যাকাউন্ট খুলে নিজ নাম্বারে বিশ টাকা মোবাইল রিচার্জে বিশ টাকা ক্যাশ ব্যাক দেশী নগরে বেশি লাভ নগুদ ঈদ শোপিং আলো ফ্রয়েন্স ওয়েলকাম ব্যাকটু ঢাকায় ফে্ম নাইনিফ হন ফোর এ্যাক নেশন এক স্টেশনের ইতে আছি আপনার সাথে তো যা বলছিলাম তখন যে ব্রেকের পরে ফিরে এসে নগদের আরো অন্যান্য অফারগুলো নিয়ে আপনাকে একটু জানান দেব তো চলুন জেনে নি গত তিন বছর ধরে নগদ ইসলামিক এমএফএস | D25: =IFERROR(__xludf.DUMMYFUNCTION("""COMPUTED_VALUE"""),"Yes") -> Yes | E25: =IFERROR(__xludf.DUMMYFUNCTION("""COMPUTED_VALUE"""),"Yes") -> Yes | F25: =IFERROR(__xludf.DUMMYFUNCTION("""COMPUTED_VALUE"""),"Yes") -> Yes | G25: =IFERROR(__xludf.DUMMYFUNCTION("""COMPUTED_VALUE"""),0.5) -> 0.5 | H25: =IFERROR(__xludf.DUMMYFUNCTION("""COMPUTED_VALUE"""),0.5) -> 0.5 | I25: =IFERROR(__xludf.DUMMYFUNCTION("""COMPUTED_VALUE"""),0.0) -> 0 | J25: =IFERROR(__xludf.DUMMYFUNCTION("""COMPUTED_VALUE"""),0.0) -> 0 | K25: =IFERROR(__xludf.DUMMYFUNCTION("""COMPUTED_VALUE"""),"3 – Mixed language or inconsistent quality") -> 3 – Mixed language or inconsistent quality | L25: =IFERROR(__xludf.DUMMYFUNCTION("""COMPUTED_VALUE"""),"No") -> No
A26: =IFERROR(__xludf.DUMMYFUNCTION("""COMPUTED_VALUE"""),"collect/miscellaneous/Dhaka FM/DFM - AUDIO CLIP (03-01-2023)/603ff37f-59eb-4b62-9fc5-2333c929b4ef.flac") -> collect/miscellaneous/Dhaka FM/DFM - AUDIO CLIP (03-01-2023)/603ff37f-59eb-4b62-9fc5-2333c929b4ef.flac | B26: =IFERROR(__xludf.DUMMYFUNCTION("""COMPUTED_VALUE"""),30.0) -> 30 | C26: =IFERROR(__xludf.DUMMYFUNCTION("""COMPUTED_VALUE"""),"র জন্য প্রথমে মটরডল সেদ্ধ করে নেওয়া হয় তারপর সঙ্গে মেশেনো হয় বিভিন্ন ধরনের মসলা এরপর পেঁয়াজ মরিচ ধনিয়া পাতা বা পুদিনা পাতা কুচি দিয়ে তৈরি করা হয় মোটরডালের সে পুর্টা মরিচের ব্যবহারের কারণে এটি বেশ ঝালঝাল হয়ে থেকে আপনার ডিপেন্ করবে যদি আপনি যে আলাহতটা কম পছ"&"ন্দ করেন রুটি বাড়ানোর জন্য চ্যালেঞ্জাটা সেদ্ধ করে হাতে গোলগোল করে মন্ড মানে খামির তৈরি করে নেওয়া হয় তারপর হাতের তালুতে চেপই যে পু ডালপুরি বানাতে যেভাবে") -> র জন্য প্রথমে মটরডল সেদ্ধ করে নেওয়া হয় তারপর সঙ্গে মেশেনো হয় বিভিন্ন ধরনের মসলা এরপর পেঁয়াজ মরিচ ধনিয়া পাতা বা পুদিনা পাতা কুচি দিয়ে তৈরি করা হয় মোটরডালের সে পুর্টা মরিচের ব্যবহারের কারণে এটি বেশ ঝালঝাল হয়ে থেকে আপনার ডিপেন্ করবে যদি আপনি যে আলাহতটা কম পছন্দ করেন রুটি বাড়ানোর জন্য চ্যালেঞ্জাটা সেদ্ধ করে হাতে গোলগোল করে মন্ড মানে খামির তৈরি করে নেওয়া হয় তারপর হাতের তালুতে চেপই যে পু ডালপুরি বানাতে যেভাবে | D26: =IFERROR(__xludf.DUMMYFUNCTION("""COMPUTED_VALUE"""),"Yes") -> Yes | E26: =IFERROR(__xludf.DUMMYFUNCTION("""COMPUTED_VALUE"""),"Yes") -> Yes | F26: =IFERROR(__xludf.DUMMYFUNCTION("""COMPUTED_VALUE"""),"Yes") -> Yes | G26: =IFERROR(__xludf.DUMMYFUNCTION("""COMPUTED_VALUE"""),0.5) -> 0.5 | H26: =IFERROR(__xludf.DUMMYFUNCTION("""COMPUTED_VALUE"""),0.5) -> 0.5 | I26: =IFERROR(__xludf.DUMMYFUNCTION("""COMPUTED_VALUE"""),0.5) -> 0.5 | J26: =IFERROR(__xludf.DUMMYFUNCTION("""COMPUTED_VALUE"""),0.0) -> 0 | K26: =IFERROR(__xludf.DUMMYFUNCTION("""COMPUTED_VALUE"""),"4– Usable, minor flaws Minor background noise.") -> 4– Usable, minor flaws Minor background noise. | L26: =IFERROR(__xludf.DUMMYFUNCTION("""COMPUTED_VALUE"""),"No") -> No
A27: =IFERROR(__xludf.DUMMYFUNCTION("""COMPUTED_VALUE"""),"collect/miscellaneous/Dhaka FM/DFM - AUDIO CLIP (03-01-2023)/633c438c-171d-4351-b24f-0776c9f77a77.flac") -> collect/miscellaneous/Dhaka FM/DFM - AUDIO CLIP (03-01-2023)/633c438c-171d-4351-b24f-0776c9f77a77.flac | B27: =IFERROR(__xludf.DUMMYFUNCTION("""COMPUTED_VALUE"""),10.14) -> 10.14 | C27: =IFERROR(__xludf.DUMMYFUNCTION("""COMPUTED_VALUE"""),"তে চান ওয়ান সিক্সটোসিক্সি এই নম্বার এসমস করে তো পারেন অবশ্যই শুরুতে নাম এরপর আপনা লোকেশন লিখে তারপর বাকি কথা সবকিছু িলিখেছেন করুন এক ছয় দুই ছয় শূন্য এই নম্বরে") -> তে চান ওয়ান সিক্সটোসিক্সি এই নম্বার এসমস করে তো পারেন অবশ্যই শুরুতে নাম এরপর আপনা লোকেশন লিখে তারপর বাকি কথা সবকিছু িলিখেছেন করুন এক ছয় দুই ছয় শূন্য এই নম্বরে | D27: =IFERROR(__xludf.DUMMYFUNCTION("""COMPUTED_VALUE"""),"No") -> No | E27: =IFERROR(__xludf.DUMMYFUNCTION("""COMPUTED_VALUE"""),"Yes") -> Yes | F27: =IFERROR(__xludf.DUMMYFUNCTION("""COMPUTED_VALUE"""),"Yes") -> Yes | G27: =IFERROR(__xludf.DUMMYFUNCTION("""COMPUTED_VALUE"""),0.5) -> 0.5 | H27: =IFERROR(__xludf.DUMMYFUNCTION("""COMPUTED_VALUE"""),0.5) -> 0.5 | I27: =IFERROR(__xludf.DUMMYFUNCTION("""COMPUTED_VALUE"""),0.5) -> 0.5 | J27: =IFERROR(__xludf.DUMMYFUNCTION("""COMPUTED_VALUE"""),0.0) -> 0 | K27: =IFERROR(__xludf.DUMMYFUNCTION("""COMPUTED_VALUE"""),"3 – Mixed language or inconsistent quality") -> 3 – Mixed language or inconsistent quality | L27: =IFERROR(__xludf.DUMMYFUNCTION("""COMPUTED_VALUE"""),"Yes") -> Yes
A28: =IFERROR(__xludf.DUMMYFUNCTION("""COMPUTED_VALUE"""),"collect/miscellaneous/Dhaka FM/DFM - AUDIO CLIP (03-01-2023)/671a1b62-cb4f-48d1-a371-246e71449b4a.flac") -> collect/miscellaneous/Dhaka FM/DFM - AUDIO CLIP (03-01-2023)/671a1b62-cb4f-48d1-a371-246e71449b4a.flac | B28: =IFERROR(__xludf.DUMMYFUNCTION("""COMPUTED_VALUE"""),24.029) -> 24.029 | C28: =IFERROR(__xludf.DUMMYFUNCTION("""COMPUTED_VALUE"""),"হ্যাকটা ভালো লাগলে তো বারেকটা কি করা যায় না এয়ারফ্রেশনার অবশ্যই এয়ারফ্রেশনার আপনি ইউজ করতে পারেন কিন্তু একটা সার্টেন্টাইমের পর এয়ারফারেশনালের গন্ধটা কিন্তু ঘরে থাকে না তখনই কামনা একটা বিদঘুটে গন্ধ হয়ে যায় সো ওই গ্রন্থটা তাড়ানোর জন্য কিন্তু আপনি ি একটা কাজ"&"ে লাগাতে পারেন ওকে ওকে নাওস্ টাইম ফরার সং ্যান্ড এইন জয়াদে ট্রাইক াননিউয়ার লিসিনিং অ্যাকনেইশন এক্সটেশন") -> হ্যাকটা ভালো লাগলে তো বারেকটা কি করা যায় না এয়ারফ্রেশনার অবশ্যই এয়ারফ্রেশনার আপনি ইউজ করতে পারেন কিন্তু একটা সার্টেন্টাইমের পর এয়ারফারেশনালের গন্ধটা কিন্তু ঘরে থাকে না তখনই কামনা একটা বিদঘুটে গন্ধ হয়ে যায় সো ওই গ্রন্থটা তাড়ানোর জন্য কিন্তু আপনি ি একটা কাজে লাগাতে পারেন ওকে ওকে নাওস্ টাইম ফরার সং ্যান্ড এইন জয়াদে ট্রাইক াননিউয়ার লিসিনিং অ্যাকনেইশন এক্সটেশন | D28: =IFERROR(__xludf.DUMMYFUNCTION("""COMPUTED_VALUE"""),"Yes") -> Yes | E28: =IFERROR(__xludf.DUMMYFUNCTION("""COMPUTED_VALUE"""),"Yes") -> Yes | F28: =IFERROR(__xludf.DUMMYFUNCTION("""COMPUTED_VALUE"""),"Yes") -> Yes | G28: =IFERROR(__xludf.DUMMYFUNCTION("""COMPUTED_VALUE"""),0.5) -> 0.5 | H28: =IFERROR(__xludf.DUMMYFUNCTION("""COMPUTED_VALUE"""),0.5) -> 0.5 | I28: =IFERROR(__xludf.DUMMYFUNCTION("""COMPUTED_VALUE"""),0.5) -> 0.5 | J28: =IFERROR(__xludf.DUMMYFUNCTION("""COMPUTED_VALUE"""),0.0) -> 0 | K28: =IFERROR(__xludf.DUMMYFUNCTION("""COMPUTED_VALUE"""),"4– Usable, minor flaws Minor background noise.") -> 4– Usable, minor flaws Minor background noise. | L28: =IFERROR(__xludf.DUMMYFUNCTION("""COMPUTED_VALUE"""),"Yes") -> Yes
A29: =IFERROR(__xludf.DUMMYFUNCTION("""COMPUTED_VALUE"""),"collect/miscellaneous/Dhaka FM/DFM - AUDIO CLIP (03-01-2023)/722b9913-02c0-4d1d-b8c5-fc055677a40f.flac") -> collect/miscellaneous/Dhaka FM/DFM - AUDIO CLIP (03-01-2023)/722b9913-02c0-4d1d-b8c5-fc055677a40f.flac | B29: =IFERROR(__xludf.DUMMYFUNCTION("""COMPUTED_VALUE"""),17.488) -> 17.488 | C29: =IFERROR(__xludf.DUMMYFUNCTION("""COMPUTED_VALUE"""),"কনের আচার বানিয়ে রাখেন তো এ রকম করে কিন্তু আপনি বানিয়ে রাখতে পারেন তবে মেলাদিন রেখে দেওয়ার স্বপ্ন দেখেন না যেন বানা পরে ওটা খেয়ে শেষ করে দেওয়ারই সিদ্ধান্ত নিয়েন মন খারাপ কড়েন না যদি খেয়ে বাচ্চারা শেষ করে ফেলে ওকে না হয়েন জায়দা ট্রাক") -> কনের আচার বানিয়ে রাখেন তো এ রকম করে কিন্তু আপনি বানিয়ে রাখতে পারেন তবে মেলাদিন রেখে দেওয়ার স্বপ্ন দেখেন না যেন বানা পরে ওটা খেয়ে শেষ করে দেওয়ারই সিদ্ধান্ত নিয়েন মন খারাপ কড়েন না যদি খেয়ে বাচ্চারা শেষ করে ফেলে ওকে না হয়েন জায়দা ট্রাক | D29: =IFERROR(__xludf.DUMMYFUNCTION("""COMPUTED_VALUE"""),"Yes") -> Yes | E29: =IFERROR(__xludf.DUMMYFUNCTION("""COMPUTED_VALUE"""),"No") -> No | F29: =IFERROR(__xludf.DUMMYFUNCTION("""COMPUTED_VALUE"""),"Yes") -> Yes | G29: =IFERROR(__xludf.DUMMYFUNCTION("""COMPUTED_VALUE"""),0.5) -> 0.5 | H29: =IFERROR(__xludf.DUMMYFUNCTION("""COMPUTED_VALUE"""),0.5) -> 0.5 | I29: =IFERROR(__xludf.DUMMYFUNCTION("""COMPUTED_VALUE"""),1.0) -> 1 | J29: =IFERROR(__xludf.DUMMYFUNCTION("""COMPUTED_VALUE"""),0.0) -> 0 | K29: =IFERROR(__xludf.DUMMYFUNCTION("""COMPUTED_VALUE"""),"4– Usable, minor flaws Minor background noise.") -> 4– Usable, minor flaws Minor background noise. | L29: =IFERROR(__xludf.DUMMYFUNCTION("""COMPUTED_VALUE"""),"No") -> No
A30: =IFERROR(__xludf.DUMMYFUNCTION("""COMPUTED_VALUE"""),"collect/miscellaneous/Dhaka FM/DFM - AUDIO CLIP (03-01-2023)/764af8f2-a0df-469c-ac4e-09535858d623.flac") -> collect/miscellaneous/Dhaka FM/DFM - AUDIO CLIP (03-01-2023)/764af8f2-a0df-469c-ac4e-09535858d623.flac | B30: =IFERROR(__xludf.DUMMYFUNCTION("""COMPUTED_VALUE"""),17.833) -> 17.833 | C30: =IFERROR(__xludf.DUMMYFUNCTION("""COMPUTED_VALUE"""),"দেন আপনি যখন হাতে এটা মুছতে যাবেন টিসু দিেওার কাপড়তে দেখবেন খুব সুন্দর ভাবে পেইন্টটা উঠে যাচ্ছে হাত থেকে বিকাজ অব দ্যাট হ্যান্ড ক্রেম ওকে হ্যান্ডক্রিমে কোনো ব্র্যান্ডের দরকার নেই এনেতিং ওয়াচি স্যান ইউর ইউজুয়াল ওয়ান ওকে কেে নামেন জায়ীদে ট্রাইক") -> দেন আপনি যখন হাতে এটা মুছতে যাবেন টিসু দিেওার কাপড়তে দেখবেন খুব সুন্দর ভাবে পেইন্টটা উঠে যাচ্ছে হাত থেকে বিকাজ অব দ্যাট হ্যান্ড ক্রেম ওকে হ্যান্ডক্রিমে কোনো ব্র্যান্ডের দরকার নেই এনেতিং ওয়াচি স্যান ইউর ইউজুয়াল ওয়ান ওকে কেে নামেন জায়ীদে ট্রাইক | D30: =IFERROR(__xludf.DUMMYFUNCTION("""COMPUTED_VALUE"""),"Yes") -> Yes | E30: =IFERROR(__xludf.DUMMYFUNCTION("""COMPUTED_VALUE"""),"Yes") -> Yes | F30: =IFERROR(__xludf.DUMMYFUNCTION("""COMPUTED_VALUE"""),"Yes") -> Yes | G30: =IFERROR(__xludf.DUMMYFUNCTION("""COMPUTED_VALUE"""),0.5) -> 0.5 | H30: =IFERROR(__xludf.DUMMYFUNCTION("""COMPUTED_VALUE"""),0.5) -> 0.5 | I30: =IFERROR(__xludf.DUMMYFUNCTION("""COMPUTED_VALUE"""),0.5) -> 0.5 | J30: =IFERROR(__xludf.DUMMYFUNCTION("""COMPUTED_VALUE"""),0.0) -> 0 | K30: =IFERROR(__xludf.DUMMYFUNCTION("""COMPUTED_VALUE"""),"3 – Mixed language or inconsistent quality") -> 3 – Mixed language or inconsistent quality | L30: =IFERROR(__xludf.DUMMYFUNCTION("""COMPUTED_VALUE"""),"Yes") -> Yes
A31: =IFERROR(__xludf.DUMMYFUNCTION("""COMPUTED_VALUE"""),"collect/miscellaneous/Dhaka FM/DFM - AUDIO CLIP (03-01-2023)/837f8dde-9a75-4229-ad19-8a2b50c700c7.flac") -> collect/miscellaneous/Dhaka FM/DFM - AUDIO CLIP (03-01-2023)/837f8dde-9a75-4229-ad19-8a2b50c700c7.flac | B31: =IFERROR(__xludf.DUMMYFUNCTION("""COMPUTED_VALUE"""),30.0) -> 30 | C31: =IFERROR(__xludf.DUMMYFUNCTION("""COMPUTED_VALUE"""),"স্নিকধেসএমে করেছেন শুবদপর জানিয়েছেন শবদ্দুপুর মতি নেসমেস করেছেন গানর করেছেন আচ্ছা আপনি কিন্তু পুনরো দিনের গান শুনতে চায়ে আমাকে রিকোর্জ্ করেছেন আমি অবশই ট্রাই করছি তবে এই ধরনের গান কিন্তু আপনি রেগুলার পেতে পারেন রেইডিও একশো দুই দশমিক চারইফের্মে সারাদিন রেড"&"িও আমবারে এই গানগুলো বাজে কারণ রেডিও আমবার ফ হয়েছে এ ধরনের গানগুলো নিয়েছো ইউখেন গো দিয়ার অলসও ইভি ওয়ানটু গেট দি সংস অল লং ইনঅনডিএফএম") -> স্নিকধেসএমে করেছেন শুবদপর জানিয়েছেন শবদ্দুপুর মতি নেসমেস করেছেন গানর করেছেন আচ্ছা আপনি কিন্তু পুনরো দিনের গান শুনতে চায়ে আমাকে রিকোর্জ্ করেছেন আমি অবশই ট্রাই করছি তবে এই ধরনের গান কিন্তু আপনি রেগুলার পেতে পারেন রেইডিও একশো দুই দশমিক চারইফের্মে সারাদিন রেডিও আমবারে এই গানগুলো বাজে কারণ রেডিও আমবার ফ হয়েছে এ ধরনের গানগুলো নিয়েছো ইউখেন গো দিয়ার অলসও ইভি ওয়ানটু গেট দি সংস অল লং ইনঅনডিএফএম | D31: =IFERROR(__xludf.DUMMYFUNCTION("""COMPUTED_VALUE"""),"No") -> No | E31: =IFERROR(__xludf.DUMMYFUNCTION("""COMPUTED_VALUE"""),"Yes") -> Yes | F31: =IFERROR(__xludf.DUMMYFUNCTION("""COMPUTED_VALUE"""),"Yes") -> Yes | G31: =IFERROR(__xludf.DUMMYFUNCTION("""COMPUTED_VALUE"""),0.5) -> 0.5 | H31: =IFERROR(__xludf.DUMMYFUNCTION("""COMPUTED_VALUE"""),0.5) -> 0.5 | I31: =IFERROR(__xludf.DUMMYFUNCTION("""COMPUTED_VALUE"""),0.0) -> 0 | J31: =IFERROR(__xludf.DUMMYFUNCTION("""COMPUTED_VALUE"""),0.0) -> 0 | K31: =IFERROR(__xludf.DUMMYFUNCTION("""COMPUTED_VALUE"""),"3 – Mixed language or inconsistent quality") -> 3 – Mixed language or inconsistent quality | L31: =IFERROR(__xludf.DUMMYFUNCTION("""COMPUTED_VALUE"""),"Yes") -> Yes
A32: =IFERROR(__xludf.DUMMYFUNCTION("""COMPUTED_VALUE"""),"collect/miscellaneous/Dhaka FM/DFM - AUDIO CLIP (03-01-2023)/901e4120-97d8-45f6-91fd-f49a90414f4a.flac") -> collect/miscellaneous/Dhaka FM/DFM - AUDIO CLIP (03-01-2023)/901e4120-97d8-45f6-91fd-f49a90414f4a.flac | B32: =IFERROR(__xludf.DUMMYFUNCTION("""COMPUTED_VALUE"""),30.0) -> 30 | C32: =IFERROR(__xludf.DUMMYFUNCTION("""COMPUTED_VALUE"""),"ওয়ানসর টুয়াইজা উইক করেন দেখবেন যে হাঁটোর কালো দাএকটা কাল ছিটে দাগটা চলে যাচ্ছে এমনকে হাতের কন এএর দাগটাও চলে যাচ্ছে ইউস্যু ট্রায় আমরা এক বি সচেতন আমরা আরও আগে থেকেই সচেতন এই হোম রেমিডিগুলো আমরা সে জন্মলগ্ন থেকে দেখে আসছি ঘরোয়াভাবে করা হয় এক ন্যা টেকনোলজির"&" বদলতে অনেক কেমিক্যাল আমরা খুব ইজিলি পেয়ে যায় ফরাওয়ার স্কিন আওয়ার হেয়ার ওকে কোকে সো ট্রাইদিস ওমরা মেেডি ওয়াল ওয়াল নাম ইঞ্জয়াদা ট্রাক") -> ওয়ানসর টুয়াইজা উইক করেন দেখবেন যে হাঁটোর কালো দাএকটা কাল ছিটে দাগটা চলে যাচ্ছে এমনকে হাতের কন এএর দাগটাও চলে যাচ্ছে ইউস্যু ট্রায় আমরা এক বি সচেতন আমরা আরও আগে থেকেই সচেতন এই হোম রেমিডিগুলো আমরা সে জন্মলগ্ন থেকে দেখে আসছি ঘরোয়াভাবে করা হয় এক ন্যা টেকনোলজির বদলতে অনেক কেমিক্যাল আমরা খুব ইজিলি পেয়ে যায় ফরাওয়ার স্কিন আওয়ার হেয়ার ওকে কোকে সো ট্রাইদিস ওমরা মেেডি ওয়াল ওয়াল নাম ইঞ্জয়াদা ট্রাক | D32: =IFERROR(__xludf.DUMMYFUNCTION("""COMPUTED_VALUE"""),"Yes") -> Yes | E32: =IFERROR(__xludf.DUMMYFUNCTION("""COMPUTED_VALUE"""),"Yes") -> Yes | F32: =IFERROR(__xludf.DUMMYFUNCTION("""COMPUTED_VALUE"""),"Yes") -> Yes | G32: =IFERROR(__xludf.DUMMYFUNCTION("""COMPUTED_VALUE"""),0.5) -> 0.5 | H32: =IFERROR(__xludf.DUMMYFUNCTION("""COMPUTED_VALUE"""),0.5) -> 0.5 | I32: =IFERROR(__xludf.DUMMYFUNCTION("""COMPUTED_VALUE"""),0.5) -> 0.5 | J32: =IFERROR(__xludf.DUMMYFUNCTION("""COMPUTED_VALUE"""),0.0) -> 0 | K32: =IFERROR(__xludf.DUMMYFUNCTION("""COMPUTED_VALUE"""),"3 – Mixed language or inconsistent quality") -> 3 – Mixed language or inconsistent quality | L32: =IFERROR(__xludf.DUMMYFUNCTION("""COMPUTED_VALUE"""),"Yes") -> Yes
A33: =IFERROR(__xludf.DUMMYFUNCTION("""COMPUTED_VALUE"""),"collect/miscellaneous/Dhaka FM/DFM - AUDIO CLIP (03-01-2023)/987a82b0-6854-4b1a-9c9d-31366f330b12.flac") -> collect/miscellaneous/Dhaka FM/DFM - AUDIO CLIP (03-01-2023)/987a82b0-6854-4b1a-9c9d-31366f330b12.flac | B33: =IFERROR(__xludf.DUMMYFUNCTION("""COMPUTED_VALUE"""),30.0) -> 30 | C33: =IFERROR(__xludf.DUMMYFUNCTION("""COMPUTED_VALUE"""),"দেন যখন আপনি অনপ্রফেশনাল ওয়েতে পেইন্ট করবেন আমরা যা প্রফেশনালদের হাতেও পেইন্টিং রং লেগে যে বার দের নো ও হাউটু রি মোভ দ্যার থিং বাটা আমরা তো আন প্রফেশনাল আমরা তো অনেক সময় এটা জানি না এবং মাথায় তখন যখন মাথাটা ঠাণ্ডা হয়েছে তখন বলে আল্লাহে রঙ্গে গড়ে তুলবো হ্য"&"াঁ ফোর দ্যাট্রিজেন ইউহাফটু ইউজ হ্যান্ডক্রিম বিফোর স্ট্াটিওর পেইন্টিং তারপর যখন পেন্টফেন্ট করা হয়ে যাবে আপনার কৌটায় কিংবা আপনার কোনো কিছুতে দেয়ালে") -> দেন যখন আপনি অনপ্রফেশনাল ওয়েতে পেইন্ট করবেন আমরা যা প্রফেশনালদের হাতেও পেইন্টিং রং লেগে যে বার দের নো ও হাউটু রি মোভ দ্যার থিং বাটা আমরা তো আন প্রফেশনাল আমরা তো অনেক সময় এটা জানি না এবং মাথায় তখন যখন মাথাটা ঠাণ্ডা হয়েছে তখন বলে আল্লাহে রঙ্গে গড়ে তুলবো হ্যাঁ ফোর দ্যাট্রিজেন ইউহাফটু ইউজ হ্যান্ডক্রিম বিফোর স্ট্াটিওর পেইন্টিং তারপর যখন পেন্টফেন্ট করা হয়ে যাবে আপনার কৌটায় কিংবা আপনার কোনো কিছুতে দেয়ালে | D33: =IFERROR(__xludf.DUMMYFUNCTION("""COMPUTED_VALUE"""),"Yes") -> Yes | E33: =IFERROR(__xludf.DUMMYFUNCTION("""COMPUTED_VALUE"""),"No") -> No | F33: =IFERROR(__xludf.DUMMYFUNCTION("""COMPUTED_VALUE"""),"Yes") -> Yes | G33: =IFERROR(__xludf.DUMMYFUNCTION("""COMPUTED_VALUE"""),1.0) -> 1 | H33: =IFERROR(__xludf.DUMMYFUNCTION("""COMPUTED_VALUE"""),1.0) -> 1 | I33: =IFERROR(__xludf.DUMMYFUNCTION("""COMPUTED_VALUE"""),0.5) -> 0.5 | J33: =IFERROR(__xludf.DUMMYFUNCTION("""COMPUTED_VALUE"""),0.0) -> 0 | K33: =IFERROR(__xludf.DUMMYFUNCTION("""COMPUTED_VALUE"""),"4– Usable, minor flaws Minor background noise.") -> 4– Usable, minor flaws Minor background noise. | L33: =IFERROR(__xludf.DUMMYFUNCTION("""COMPUTED_VALUE"""),"Yes") -> Yes
A34: =IFERROR(__xludf.DUMMYFUNCTION("""COMPUTED_VALUE"""),"collect/miscellaneous/Dhaka FM/DFM - AUDIO CLIP (03-01-2023)/3726bbde-37e8-4346-a01e-8067ec2e6e99.flac") -> collect/miscellaneous/Dhaka FM/DFM - AUDIO CLIP (03-01-2023)/3726bbde-37e8-4346-a01e-8067ec2e6e99.flac | B34: =IFERROR(__xludf.DUMMYFUNCTION("""COMPUTED_VALUE"""),13.84) -> 13.84 | C34: =IFERROR(__xludf.DUMMYFUNCTION("""COMPUTED_VALUE"""),"ইসলামিক এমএফএস অ্যাকাউন্ট আছে আপনাদের সাথে আপনারা চাইলে এই মোবাইল লেনদেনের নানারকম সুবিধা উপভোগ করতে পারবেন সুদবিহীন এই নগদ ইসলামিক এমএফএস অ্যাকাউন্ট থেকে এইছি লাব ডেট আপনি শুনছেন নাইনটি পয়েন্ট ফোর") -> ইসলামিক এমএফএস অ্যাকাউন্ট আছে আপনাদের সাথে আপনারা চাইলে এই মোবাইল লেনদেনের নানারকম সুবিধা উপভোগ করতে পারবেন সুদবিহীন এই নগদ ইসলামিক এমএফএস অ্যাকাউন্ট থেকে এইছি লাব ডেট আপনি শুনছেন নাইনটি পয়েন্ট ফোর | D34: =IFERROR(__xludf.DUMMYFUNCTION("""COMPUTED_VALUE"""),"Yes") -> Yes | E34: =IFERROR(__xludf.DUMMYFUNCTION("""COMPUTED_VALUE"""),"No") -> No | F34: =IFERROR(__xludf.DUMMYFUNCTION("""COMPUTED_VALUE"""),"Yes") -> Yes | G34: =IFERROR(__xludf.DUMMYFUNCTION("""COMPUTED_VALUE"""),1.0) -> 1 | H34: =IFERROR(__xludf.DUMMYFUNCTION("""COMPUTED_VALUE"""),1.0) -> 1 | I34: =IFERROR(__xludf.DUMMYFUNCTION("""COMPUTED_VALUE"""),1.0) -> 1 | J34: =IFERROR(__xludf.DUMMYFUNCTION("""COMPUTED_VALUE"""),0.0) -> 0 | K34: =IFERROR(__xludf.DUMMYFUNCTION("""COMPUTED_VALUE"""),"5 – High-quality, Clean Bangla speech") -> 5 – High-quality, Clean Bangla speech | L34: =IFERROR(__xludf.DUMMYFUNCTION("""COMPUTED_VALUE"""),"No") -> No
A35: =IFERROR(__xludf.DUMMYFUNCTION("""COMPUTED_VALUE"""),"collect/miscellaneous/Dhaka FM/DFM - AUDIO CLIP (03-01-2023)/5573e104-c648-4f6f-a2bc-7ed6ca2e4c8c.flac") -> collect/miscellaneous/Dhaka FM/DFM - AUDIO CLIP (03-01-2023)/5573e104-c648-4f6f-a2bc-7ed6ca2e4c8c.flac | B35: =IFERROR(__xludf.DUMMYFUNCTION("""COMPUTED_VALUE"""),30.0) -> 30 | C35: =IFERROR(__xludf.DUMMYFUNCTION("""COMPUTED_VALUE"""),"নগদ ঈদ শোপিং অপটিড স্বাগতম শুনেছেন ঢাকায় ফ্যেমদারি পয়েন্ট ফোর অ্যাটনিকেশনা এক্স্টেশন নিদ ঘনিয়ে আসলে সবার মধ্যেই এরকম আগ্রহ জন্মায় যে এবারের ঈদে কি ট্রেন্ড আসতে যাচ্ছে রা এট এবারের ঈদে কোথায় যাব কোন শপিং মলে গেলে পেস্ট প্রোডাক্টা পাওয়া যাবে সো এটাই আমরা এখ"&"ন ফাইন্ডআউট করব কারণ জুয়েল ভাই এই মুহূর্তে রেডি হয়ে আছে আপনাদেরকে নগদীৎ শপিং আপডেট দেবার জন্য ছালেঞ জেনডি জুয়েল ভাই কিপালে স্বাগত আরো একবার নগদের সৌজন্য ঈদ শপিং আপডেটে কিছুক্ষণ আগে আি") -> নগদ ঈদ শোপিং অপটিড স্বাগতম শুনেছেন ঢাকায় ফ্যেমদারি পয়েন্ট ফোর অ্যাটনিকেশনা এক্স্টেশন নিদ ঘনিয়ে আসলে সবার মধ্যেই এরকম আগ্রহ জন্মায় যে এবারের ঈদে কি ট্রেন্ড আসতে যাচ্ছে রা এট এবারের ঈদে কোথায় যাব কোন শপিং মলে গেলে পেস্ট প্রোডাক্টা পাওয়া যাবে সো এটাই আমরা এখন ফাইন্ডআউট করব কারণ জুয়েল ভাই এই মুহূর্তে রেডি হয়ে আছে আপনাদেরকে নগদীৎ শপিং আপডেট দেবার জন্য ছালেঞ জেনডি জুয়েল ভাই কিপালে স্বাগত আরো একবার নগদের সৌজন্য ঈদ শপিং আপডেটে কিছুক্ষণ আগে আি | D35: =IFERROR(__xludf.DUMMYFUNCTION("""COMPUTED_VALUE"""),"No") -> No | E35: =IFERROR(__xludf.DUMMYFUNCTION("""COMPUTED_VALUE"""),"Yes") -> Yes | F35: =IFERROR(__xludf.DUMMYFUNCTION("""COMPUTED_VALUE"""),"Yes") -> Yes | G35: =IFERROR(__xludf.DUMMYFUNCTION("""COMPUTED_VALUE"""),0.0) -> 0 | H35: =IFERROR(__xludf.DUMMYFUNCTION("""COMPUTED_VALUE"""),0.0) -> 0 | I35: =IFERROR(__xludf.DUMMYFUNCTION("""COMPUTED_VALUE"""),0.0) -> 0 | J35: =IFERROR(__xludf.DUMMYFUNCTION("""COMPUTED_VALUE"""),0.0) -> 0 | K35: =IFERROR(__xludf.DUMMYFUNCTION("""COMPUTED_VALUE"""),"1 - Unusable Severely degraded, or non-Bangla") -> 1 - Unusable Severely degraded, or non-Bangla | L35: =IFERROR(__xludf.DUMMYFUNCTION("""COMPUTED_VALUE"""),"No") -> No
A36: =IFERROR(__xludf.DUMMYFUNCTION("""COMPUTED_VALUE"""),"collect/miscellaneous/Dhaka FM/DFM - AUDIO CLIP (03-01-2023)/5948fd81-7903-49d6-ac77-314fd3c69019.flac") -> collect/miscellaneous/Dhaka FM/DFM - AUDIO CLIP (03-01-2023)/5948fd81-7903-49d6-ac77-314fd3c69019.flac | B36: =IFERROR(__xludf.DUMMYFUNCTION("""COMPUTED_VALUE"""),26.26) -> 26.26 | C36: =IFERROR(__xludf.DUMMYFUNCTION("""COMPUTED_VALUE"""),"অ্যাকাউন্ট সম্পূর্ণ শুধ্বিহীন তাই এই এমএফএস অ্যাকাউন্ট দিয়ে সেইন্ড মানি অ্যাডমানি মোবাইল রিচার্জ ডোনেশনসহ প্রতিদিনের সব ধরনের লেনদেন করতে পারবেন শরিয়া সম্মতভাবে আমরা যদি হালাল পথে চলি তাহলে আমাদের জন্যই আছে নগদ ইসলামিক এমএফএস অ্যাকাউন্ট শোরিয়া সম্মত এমএফএ"&"স অ্যাকাউন্টের সার্ভিস নিন নিরাপত্তা ও বিশ্বস্ততার সাথে") -> অ্যাকাউন্ট সম্পূর্ণ শুধ্বিহীন তাই এই এমএফএস অ্যাকাউন্ট দিয়ে সেইন্ড মানি অ্যাডমানি মোবাইল রিচার্জ ডোনেশনসহ প্রতিদিনের সব ধরনের লেনদেন করতে পারবেন শরিয়া সম্মতভাবে আমরা যদি হালাল পথে চলি তাহলে আমাদের জন্যই আছে নগদ ইসলামিক এমএফএস অ্যাকাউন্ট শোরিয়া সম্মত এমএফএস অ্যাকাউন্টের সার্ভিস নিন নিরাপত্তা ও বিশ্বস্ততার সাথে | D36: =IFERROR(__xludf.DUMMYFUNCTION("""COMPUTED_VALUE"""),"Yes") -> Yes | E36: =IFERROR(__xludf.DUMMYFUNCTION("""COMPUTED_VALUE"""),"No") -> No | F36: =IFERROR(__xludf.DUMMYFUNCTION("""COMPUTED_VALUE"""),"Yes") -> Yes | G36: =IFERROR(__xludf.DUMMYFUNCTION("""COMPUTED_VALUE"""),1.0) -> 1 | H36: =IFERROR(__xludf.DUMMYFUNCTION("""COMPUTED_VALUE"""),1.0) -> 1 | I36: =IFERROR(__xludf.DUMMYFUNCTION("""COMPUTED_VALUE"""),1.0) -> 1 | J36: =IFERROR(__xludf.DUMMYFUNCTION("""COMPUTED_VALUE"""),0.0) -> 0 | K36: =IFERROR(__xludf.DUMMYFUNCTION("""COMPUTED_VALUE"""),"5 – High-quality, Clean Bangla speech") -> 5 – High-quality, Clean Bangla speech | L36: =IFERROR(__xludf.DUMMYFUNCTION("""COMPUTED_VALUE"""),"No") -> No
A37: =IFERROR(__xludf.DUMMYFUNCTION("""COMPUTED_VALUE"""),"collect/miscellaneous/Dhaka FM/DFM - AUDIO CLIP (03-01-2023)/6574f344-7644-4318-9990-f6d9b9e9621f.flac") -> collect/miscellaneous/Dhaka FM/DFM - AUDIO CLIP (03-01-2023)/6574f344-7644-4318-9990-f6d9b9e9621f.flac | B37: =IFERROR(__xludf.DUMMYFUNCTION("""COMPUTED_VALUE"""),30.0) -> 30 | C37: =IFERROR(__xludf.DUMMYFUNCTION("""COMPUTED_VALUE"""),"ইচ্ছি ততই কেন যেন শপিংয়ের দিকে আগ্রহ আরও ভেসে বেড়ে যাচ্ছে যাই বলেন না খেলন যতই রোজা রাখি রোজা রেখেও শপিংমূলেক ঘুরতে কোনো কষ্ট হয় না তাই তো আপনার কে সেইমফিল করেন আচ্ছা নগদের আরো কিছু আপডেইট আছে সেগুলো একটু জেনে নি চলন নগরাপ থেকে সান্ খুলে মিজ নাম্বারে বিশ "&"টাকা মোবাইল রিচার্জে বিশ টাকা ক্যাশ ব্যাক দেশি নগরে বেশি লাভ নকুদ শোপিও কিট ওয়েলজিনি এবংআরও একটা সুখবর বলেন বারও কিছু") -> ইচ্ছি ততই কেন যেন শপিংয়ের দিকে আগ্রহ আরও ভেসে বেড়ে যাচ্ছে যাই বলেন না খেলন যতই রোজা রাখি রোজা রেখেও শপিংমূলেক ঘুরতে কোনো কষ্ট হয় না তাই তো আপনার কে সেইমফিল করেন আচ্ছা নগদের আরো কিছু আপডেইট আছে সেগুলো একটু জেনে নি চলন নগরাপ থেকে সান্ খুলে মিজ নাম্বারে বিশ টাকা মোবাইল রিচার্জে বিশ টাকা ক্যাশ ব্যাক দেশি নগরে বেশি লাভ নকুদ শোপিও কিট ওয়েলজিনি এবংআরও একটা সুখবর বলেন বারও কিছু | D37: =IFERROR(__xludf.DUMMYFUNCTION("""COMPUTED_VALUE"""),"No") -> No | E37: =IFERROR(__xludf.DUMMYFUNCTION("""COMPUTED_VALUE"""),"Yes") -> Yes | F37: =IFERROR(__xludf.DUMMYFUNCTION("""COMPUTED_VALUE"""),"Yes") -> Yes | G37: =IFERROR(__xludf.DUMMYFUNCTION("""COMPUTED_VALUE"""),0.0) -> 0 | H37: =IFERROR(__xludf.DUMMYFUNCTION("""COMPUTED_VALUE"""),0.0) -> 0 | I37: =IFERROR(__xludf.DUMMYFUNCTION("""COMPUTED_VALUE"""),0.0) -> 0 | J37: =IFERROR(__xludf.DUMMYFUNCTION("""COMPUTED_VALUE"""),0.0) -> 0 | K37: =IFERROR(__xludf.DUMMYFUNCTION("""COMPUTED_VALUE"""),"2 - Poor quality Noisy, unclear,") -> 2 - Poor quality Noisy, unclear, | L37: =IFERROR(__xludf.DUMMYFUNCTION("""COMPUTED_VALUE"""),"No") -> No
A38: =IFERROR(__xludf.DUMMYFUNCTION("""COMPUTED_VALUE"""),"collect/miscellaneous/Dhaka FM/DFM - AUDIO CLIP (03-01-2023)/7210eca6-c641-46fa-a9ae-517929cdf273.flac") -> collect/miscellaneous/Dhaka FM/DFM - AUDIO CLIP (03-01-2023)/7210eca6-c641-46fa-a9ae-517929cdf273.flac | B38: =IFERROR(__xludf.DUMMYFUNCTION("""COMPUTED_VALUE"""),13.986) -> 13.986 | C38: =IFERROR(__xludf.DUMMYFUNCTION("""COMPUTED_VALUE"""),"ভয়স্কল টিভি মুভি সবকিছু একসাথে বিশ্বাস হলো তো জুন্ন মডিটালস ভেজেট ডেবলিউডেব্লিউডব্লিউ ড াম্বার একটি ডটকম ডল ভিডি এবং কল করে জেরোনাইনসিক্স ডেবেলওয়ান ট্রিপাল থ্রি ট্রিপল সেভেন এই নম্বারে") -> ভয়স্কল টিভি মুভি সবকিছু একসাথে বিশ্বাস হলো তো জুন্ন মডিটালস ভেজেট ডেবলিউডেব্লিউডব্লিউ ড াম্বার একটি ডটকম ডল ভিডি এবং কল করে জেরোনাইনসিক্স ডেবেলওয়ান ট্রিপাল থ্রি ট্রিপল সেভেন এই নম্বারে | D38: =IFERROR(__xludf.DUMMYFUNCTION("""COMPUTED_VALUE"""),"Yes") -> Yes | E38: =IFERROR(__xludf.DUMMYFUNCTION("""COMPUTED_VALUE"""),"Yes") -> Yes | F38: =IFERROR(__xludf.DUMMYFUNCTION("""COMPUTED_VALUE"""),"Yes") -> Yes | G38: =IFERROR(__xludf.DUMMYFUNCTION("""COMPUTED_VALUE"""),0.5) -> 0.5 | H38: =IFERROR(__xludf.DUMMYFUNCTION("""COMPUTED_VALUE"""),0.5) -> 0.5 | I38: =IFERROR(__xludf.DUMMYFUNCTION("""COMPUTED_VALUE"""),0.5) -> 0.5 | J38: =IFERROR(__xludf.DUMMYFUNCTION("""COMPUTED_VALUE"""),0.0) -> 0 | K38: =IFERROR(__xludf.DUMMYFUNCTION("""COMPUTED_VALUE"""),"3 – Mixed language or inconsistent quality") -> 3 – Mixed language or inconsistent quality | L38: =IFERROR(__xludf.DUMMYFUNCTION("""COMPUTED_VALUE"""),"Yes") -> Yes
A39: =IFERROR(__xludf.DUMMYFUNCTION("""COMPUTED_VALUE"""),"collect/miscellaneous/Dhaka FM/DFM - AUDIO CLIP (03-01-2023)/7387b880-18df-496b-9844-e90602cebc5e.flac") -> collect/miscellaneous/Dhaka FM/DFM - AUDIO CLIP (03-01-2023)/7387b880-18df-496b-9844-e90602cebc5e.flac | B39: =IFERROR(__xludf.DUMMYFUNCTION("""COMPUTED_VALUE"""),28.002) -> 28.002 | C39: =IFERROR(__xludf.DUMMYFUNCTION("""COMPUTED_VALUE"""),"তেব্বিশ টাকা ক্যাশ ব্যাক দেশী নগদে বেশি লাভ নগুদ ঈদ শোপিংয়ত ওয়েলকাম ব্যাক্টি ঢাকায় ফেমনে ইডি পয়েন্ট ফর এবং যা বলছিলাম নগদের আরও কিছু কথা আসে তা হলো নগদ ইসলামিক এমএফএস অ্যাকাউন্ট থেকে হজ টোরস অ্ান্ড ট্রাবেল স পেমেন্ট করা খুবই সহজ তাই আপনারা যারা হজে যাওয়া "&"নিয়ধ করেছেন তারা নগদ ইসলামি এেমএফএস অ্যাকাউন্টের হজ টুরস আন্ড ট্রাবেলসের পেমেন্টা করে ফেলতে পারবেন আর আপনি শুনছেন নাইনটি পয়েন্ট ফোর") -> তেব্বিশ টাকা ক্যাশ ব্যাক দেশী নগদে বেশি লাভ নগুদ ঈদ শোপিংয়ত ওয়েলকাম ব্যাক্টি ঢাকায় ফেমনে ইডি পয়েন্ট ফর এবং যা বলছিলাম নগদের আরও কিছু কথা আসে তা হলো নগদ ইসলামিক এমএফএস অ্যাকাউন্ট থেকে হজ টোরস অ্ান্ড ট্রাবেল স পেমেন্ট করা খুবই সহজ তাই আপনারা যারা হজে যাওয়া নিয়ধ করেছেন তারা নগদ ইসলামি এেমএফএস অ্যাকাউন্টের হজ টুরস আন্ড ট্রাবেলসের পেমেন্টা করে ফেলতে পারবেন আর আপনি শুনছেন নাইনটি পয়েন্ট ফোর | D39: =IFERROR(__xludf.DUMMYFUNCTION("""COMPUTED_VALUE"""),"Yes") -> Yes | E39: =IFERROR(__xludf.DUMMYFUNCTION("""COMPUTED_VALUE"""),"Yes") -> Yes | F39: =IFERROR(__xludf.DUMMYFUNCTION("""COMPUTED_VALUE"""),"Yes") -> Yes | G39: =IFERROR(__xludf.DUMMYFUNCTION("""COMPUTED_VALUE"""),0.5) -> 0.5 | H39: =IFERROR(__xludf.DUMMYFUNCTION("""COMPUTED_VALUE"""),0.5) -> 0.5 | I39: =IFERROR(__xludf.DUMMYFUNCTION("""COMPUTED_VALUE"""),0.5) -> 0.5 | J39: =IFERROR(__xludf.DUMMYFUNCTION("""COMPUTED_VALUE"""),0.0) -> 0 | K39: =IFERROR(__xludf.DUMMYFUNCTION("""COMPUTED_VALUE"""),"3 – Mixed language or inconsistent quality") -> 3 – Mixed language or inconsistent quality | L39: =IFERROR(__xludf.DUMMYFUNCTION("""COMPUTED_VALUE"""),"Yes") -> Yes
A40: =IFERROR(__xludf.DUMMYFUNCTION("""COMPUTED_VALUE"""),"collect/miscellaneous/Dhaka FM/DFM - AUDIO CLIP (03-01-2023)/7773de63-5c42-4a11-8990-7c9aa5101d59.flac") -> collect/miscellaneous/Dhaka FM/DFM - AUDIO CLIP (03-01-2023)/7773de63-5c42-4a11-8990-7c9aa5101d59.flac | B40: =IFERROR(__xludf.DUMMYFUNCTION("""COMPUTED_VALUE"""),30.0) -> 30 | C40: =IFERROR(__xludf.DUMMYFUNCTION("""COMPUTED_VALUE"""),"বাসার নিচে মুদির দোকান তার জিজ্ঞেস করল কী হয়েছে আপনার ভেবে দেখলাম আজকে আমার মন ভালো নেই সিরিয়াস লিমান আশকে আমার মন ভালো নেই কি যে করি ধ্যাঁত সত্যিই বলছি গেজ জানেন আজকে আমার মন ভালো নেই কারণ বন্ধুবান্ধবদের ট্রিট দেওয়ার কথা ছিল কিন্তু সেই পরিমাণ টাকা আমার ক"&"াছে মুহরতে নাই তো সুনেই তোকানদার ভাই সুন্দর কেকের প্যাকেটটা দিয়ে বলল খান প্যাকেট খুলে কেক মুখে দিতেই ম্যাজিক ওয়াটা ফান্টাস্টিককেক উনটা জাস্ট ভালো বে") -> বাসার নিচে মুদির দোকান তার জিজ্ঞেস করল কী হয়েছে আপনার ভেবে দেখলাম আজকে আমার মন ভালো নেই সিরিয়াস লিমান আশকে আমার মন ভালো নেই কি যে করি ধ্যাঁত সত্যিই বলছি গেজ জানেন আজকে আমার মন ভালো নেই কারণ বন্ধুবান্ধবদের ট্রিট দেওয়ার কথা ছিল কিন্তু সেই পরিমাণ টাকা আমার কাছে মুহরতে নাই তো সুনেই তোকানদার ভাই সুন্দর কেকের প্যাকেটটা দিয়ে বলল খান প্যাকেট খুলে কেক মুখে দিতেই ম্যাজিক ওয়াটা ফান্টাস্টিককেক উনটা জাস্ট ভালো বে | D40: =IFERROR(__xludf.DUMMYFUNCTION("""COMPUTED_VALUE"""),"Yes") -> Yes | E40: =IFERROR(__xludf.DUMMYFUNCTION("""COMPUTED_VALUE"""),"No") -> No | F40: =IFERROR(__xludf.DUMMYFUNCTION("""COMPUTED_VALUE"""),"Yes") -> Yes | G40: =IFERROR(__xludf.DUMMYFUNCTION("""COMPUTED_VALUE"""),0.5) -> 0.5 | H40: =IFERROR(__xludf.DUMMYFUNCTION("""COMPUTED_VALUE"""),0.5) -> 0.5 | I40: =IFERROR(__xludf.DUMMYFUNCTION("""COMPUTED_VALUE"""),0.5) -> 0.5 | J40: =IFERROR(__xludf.DUMMYFUNCTION("""COMPUTED_VALUE"""),0.0) -> 0 | K40: =IFERROR(__xludf.DUMMYFUNCTION("""COMPUTED_VALUE"""),"3 – Mixed language or inconsistent quality") -> 3 – Mixed language or inconsistent quality | L40: =IFERROR(__xludf.DUMMYFUNCTION("""COMPUTED_VALUE"""),"No") -> No
A41: =IFERROR(__xludf.DUMMYFUNCTION("""COMPUTED_VALUE"""),"collect/miscellaneous/Dhaka FM/DFM - AUDIO CLIP (03-01-2023)/8479ecdc-d7fa-43a9-8aa5-d2d2b1e1266f.flac") -> collect/miscellaneous/Dhaka FM/DFM - AUDIO CLIP (03-01-2023)/8479ecdc-d7fa-43a9-8aa5-d2d2b1e1266f.flac | B41: =IFERROR(__xludf.DUMMYFUNCTION("""COMPUTED_VALUE"""),30.0) -> 30 | C41: =IFERROR(__xludf.DUMMYFUNCTION("""COMPUTED_VALUE"""),"রপরে মানি ফ্লান্ড ইত্যাদিটাইপের যে গাছগুলো আছে না কখনো কখনো দেখবেন যে খুব খুতিয়ে দেখলে দেখা যায় ওর মধ্য একটু তিলে মানে চিটচিটে কেমন জনে তিলের মতো পড়ছে এবং সব সব দাগের মতো হয়ে যাচ্ছে এরকম সিচুয়েশন আপনি কিন্তু একটা কাজ করতে পারেন মনটা খারাপ না করে দোকান থেক"&"ে বা বাজার থেকে আই কার্বনেট কিনে এনে অল্প অল্প করে গাছের গোড়ার আশেপাশে ছিটিয়ে দিন দেখবেন যে ধীরে ধীরে গা ছেরে এই রোগটা চলে যাচ্ছে এবং গাছটা ফ্রেশ হচ্ছে দেখতেও সুন্দর লাগছে ঠিকেছে") -> রপরে মানি ফ্লান্ড ইত্যাদিটাইপের যে গাছগুলো আছে না কখনো কখনো দেখবেন যে খুব খুতিয়ে দেখলে দেখা যায় ওর মধ্য একটু তিলে মানে চিটচিটে কেমন জনে তিলের মতো পড়ছে এবং সব সব দাগের মতো হয়ে যাচ্ছে এরকম সিচুয়েশন আপনি কিন্তু একটা কাজ করতে পারেন মনটা খারাপ না করে দোকান থেকে বা বাজার থেকে আই কার্বনেট কিনে এনে অল্প অল্প করে গাছের গোড়ার আশেপাশে ছিটিয়ে দিন দেখবেন যে ধীরে ধীরে গা ছেরে এই রোগটা চলে যাচ্ছে এবং গাছটা ফ্রেশ হচ্ছে দেখতেও সুন্দর লাগছে ঠিকেছে | D41: =IFERROR(__xludf.DUMMYFUNCTION("""COMPUTED_VALUE"""),"Yes") -> Yes | E41: =IFERROR(__xludf.DUMMYFUNCTION("""COMPUTED_VALUE"""),"No") -> No | F41: =IFERROR(__xludf.DUMMYFUNCTION("""COMPUTED_VALUE"""),"Yes") -> Yes | G41: =IFERROR(__xludf.DUMMYFUNCTION("""COMPUTED_VALUE"""),0.5) -> 0.5 | H41: =IFERROR(__xludf.DUMMYFUNCTION("""COMPUTED_VALUE"""),0.5) -> 0.5 | I41: =IFERROR(__xludf.DUMMYFUNCTION("""COMPUTED_VALUE"""),1.0) -> 1 | J41: =IFERROR(__xludf.DUMMYFUNCTION("""COMPUTED_VALUE"""),0.0) -> 0 | K41: =IFERROR(__xludf.DUMMYFUNCTION("""COMPUTED_VALUE"""),"4– Usable, minor flaws Minor background noise.") -> 4– Usable, minor flaws Minor background noise. | L41: =IFERROR(__xludf.DUMMYFUNCTION("""COMPUTED_VALUE"""),"No") -> No
A42: =IFERROR(__xludf.DUMMYFUNCTION("""COMPUTED_VALUE"""),"collect/miscellaneous/Dhaka FM/DFM - AUDIO CLIP (03-01-2023)/9082dff8-1739-4bf5-be5d-c915a5e58eb5.flac") -> collect/miscellaneous/Dhaka FM/DFM - AUDIO CLIP (03-01-2023)/9082dff8-1739-4bf5-be5d-c915a5e58eb5.flac | B42: =IFERROR(__xludf.DUMMYFUNCTION("""COMPUTED_VALUE"""),30.0) -> 30 | C42: =IFERROR(__xludf.DUMMYFUNCTION("""COMPUTED_VALUE"""),"লাইফ হ্যাকস ্াক্স হেইফ রয়েন্স ওয়ালকাম বা একটু ঢাকা ফামনাইনিফ হন ফোর অ্যাক নেশন এক স্টেশনে চলছে লাইফ অ্াক্স রিতার সাথে এাখন্ড বলেছিলাম যে ফিরে এসে আমি আপনাকে জানিয়ে দিব কী করে আমাকে ক্ম্যান্ট এসএমএস এবং ওয়াডসেপ করবেন ওয়ানস এক্সট্রোসিক জেরা হচ্ছে এসএমএসের ন"&"াম্বার এবং ফেইসবুক ডটকম স্ল্যাশায় লাভ ঢাকা ফান হচ্ছে ফেইসবুকের ঠিকানা অ্যান্ড জিরো ওয়ান এট ফর ওয়ান নাইনজেরোফর নাইনজেরোফর হচ্ছে ওয়াটস্াপের নাম্বারস ওর ডোন গেটলেড ক্িপটেক্স্টিংন") -> লাইফ হ্যাকস ্াক্স হেইফ রয়েন্স ওয়ালকাম বা একটু ঢাকা ফামনাইনিফ হন ফোর অ্যাক নেশন এক স্টেশনে চলছে লাইফ অ্াক্স রিতার সাথে এাখন্ড বলেছিলাম যে ফিরে এসে আমি আপনাকে জানিয়ে দিব কী করে আমাকে ক্ম্যান্ট এসএমএস এবং ওয়াডসেপ করবেন ওয়ানস এক্সট্রোসিক জেরা হচ্ছে এসএমএসের নাম্বার এবং ফেইসবুক ডটকম স্ল্যাশায় লাভ ঢাকা ফান হচ্ছে ফেইসবুকের ঠিকানা অ্যান্ড জিরো ওয়ান এট ফর ওয়ান নাইনজেরোফর নাইনজেরোফর হচ্ছে ওয়াটস্াপের নাম্বারস ওর ডোন গেটলেড ক্িপটেক্স্টিংন | D42: =IFERROR(__xludf.DUMMYFUNCTION("""COMPUTED_VALUE"""),"Yes") -> Yes | E42: =IFERROR(__xludf.DUMMYFUNCTION("""COMPUTED_VALUE"""),"No") -> No | F42: =IFERROR(__xludf.DUMMYFUNCTION("""COMPUTED_VALUE"""),"Yes") -> Yes | G42: =IFERROR(__xludf.DUMMYFUNCTION("""COMPUTED_VALUE"""),0.5) -> 0.5 | H42: =IFERROR(__xludf.DUMMYFUNCTION("""COMPUTED_VALUE"""),0.5) -> 0.5 | I42: =IFERROR(__xludf.DUMMYFUNCTION("""COMPUTED_VALUE"""),0.5) -> 0.5 | J42: =IFERROR(__xludf.DUMMYFUNCTION("""COMPUTED_VALUE"""),0.0) -> 0 | K42: =IFERROR(__xludf.DUMMYFUNCTION("""COMPUTED_VALUE"""),"3 – Mixed language or inconsistent quality") -> 3 – Mixed language or inconsistent quality | L42: =IFERROR(__xludf.DUMMYFUNCTION("""COMPUTED_VALUE"""),"Yes") -> Yes

Sheet Mashruf
A1: =IFERROR(__xludf.DUMMYFUNCTION("IMPORTRANGE(""https://docs.google.com/spreadsheets/d/1PtILyyZqZN6xk8xuQzHIvifzPUCl9KOtv8lTbbnVLPo/edit?gid=1682353242#gid=1682353242"", ""Data!A:L"")"),"Filename") -> Filename | B1: =IFERROR(__xludf.DUMMYFUNCTION("""COMPUTED_VALUE"""),"Duration (seconds)") -> Duration (seconds) | C1: =IFERROR(__xludf.DUMMYFUNCTION("""COMPUTED_VALUE"""),"Text") -> Text | D1: =IFERROR(__xludf.DUMMYFUNCTION("""COMPUTED_VALUE"""),"Correct") -> Correct | E1: =IFERROR(__xludf.DUMMYFUNCTION("""COMPUTED_VALUE"""),"Word Missing") -> Word Missing | F1: =IFERROR(__xludf.DUMMYFUNCTION("""COMPUTED_VALUE"""),"Spelling Mistake") -> Spelling Mistake | G1: =IFERROR(__xludf.DUMMYFUNCTION("""COMPUTED_VALUE"""),"Word Accuracy") -> Word Accuracy | H1: =IFERROR(__xludf.DUMMYFUNCTION("""COMPUTED_VALUE"""),"Grammar & Syntax") -> Grammar & Syntax | I1: =IFERROR(__xludf.DUMMYFUNCTION("""COMPUTED_VALUE"""),"Proper Noun Recognition") -> Proper Noun Recognition | J1: =IFERROR(__xludf.DUMMYFUNCTION("""COMPUTED_VALUE"""),"Punctuation & Formatting") -> Punctuation & Formatting | K1: =IFERROR(__xludf.DUMMYFUNCTION("""COMPUTED_VALUE"""),"Audio Quality") -> Audio Quality | L1: =IFERROR(__xludf.DUMMYFUNCTION("""COMPUTED_VALUE"""),"Language Content (if contains more than 10% foreign language)") -> Language Content (if contains more than 10% foreign language)
A2: =IFERROR(__xludf.DUMMYFUNCTION("""COMPUTED_VALUE"""),"\collect\read\YouTube\TORONGO\_2X8LOMTO_Y\00843346-fb48-4eb4-b674-3d47bd3aaac4.flac") -> \collect\read\YouTube\TORONGO\_2X8LOMTO_Y\00843346-fb48-4eb4-b674-3d47bd3aaac4.flac | B2: =IFERROR(__xludf.DUMMYFUNCTION("""COMPUTED_VALUE"""),30.0) -> 30 | C2: =IFERROR(__xludf.DUMMYFUNCTION("""COMPUTED_VALUE"""),"আলাসালামালাইকু আলাইকুম সালাম এইতামিন এ আরএপিলট টার মধ্যে োনো পিঠাই গরনা আছে কিনা যদি আলোকপাট করেন িক চক্র একটা প্রশ্ন পাঠিয়েছেন ফেসবুক পেজে দেখতে পাচ্ছিলেখা আছে আমার সামনে ভিটামিন এ প্লাস খাওয়াতে চাই বাচ্চাকে তাহলে ভিটামিন এ প্লাস খাবো না ভিটামিন এ ক্যাপশ"&"ুল খাব ডাক্তার রিজনুল আসার বিপুল শিশুরোগ বিষ আমাদের সঙ্গে আছে আমরা যখন আমাদের ছয় মাস থেকে পাঁচ বছর বয়স বয়স") -> আলাসালামালাইকু আলাইকুম সালাম এইতামিন এ আরএপিলট টার মধ্যে োনো পিঠাই গরনা আছে কিনা যদি আলোকপাট করেন িক চক্র একটা প্রশ্ন পাঠিয়েছেন ফেসবুক পেজে দেখতে পাচ্ছিলেখা আছে আমার সামনে ভিটামিন এ প্লাস খাওয়াতে চাই বাচ্চাকে তাহলে ভিটামিন এ প্লাস খাবো না ভিটামিন এ ক্যাপশুল খাব ডাক্তার রিজনুল আসার বিপুল শিশুরোগ বিষ আমাদের সঙ্গে আছে আমরা যখন আমাদের ছয় মাস থেকে পাঁচ বছর বয়স বয়স | D2: =IFERROR(__xludf.DUMMYFUNCTION("""COMPUTED_VALUE"""),"Yes") -> Yes | E2: =IFERROR(__xludf.DUMMYFUNCTION("""COMPUTED_VALUE"""),"Yes") -> Yes | F2: =IFERROR(__xludf.DUMMYFUNCTION("""COMPUTED_VALUE"""),"Yes") -> Yes | G2: =IFERROR(__xludf.DUMMYFUNCTION("""COMPUTED_VALUE"""),0.5) -> 0.5 | H2: =IFERROR(__xludf.DUMMYFUNCTION("""COMPUTED_VALUE"""),0.5) -> 0.5 | I2: =IFERROR(__xludf.DUMMYFUNCTION("""COMPUTED_VALUE"""),0.5) -> 0.5 | J2: =IFERROR(__xludf.DUMMYFUNCTION("""COMPUTED_VALUE"""),0.5) -> 0.5 | K2: =IFERROR(__xludf.DUMMYFUNCTION("""COMPUTED_VALUE"""),"4– Usable, minor flaws Minor background noise.") -> 4– Usable, minor flaws Minor background noise. | L2: =IFERROR(__xludf.DUMMYFUNCTION("""COMPUTED_VALUE"""),"No") -> No
A3: =IFERROR(__xludf.DUMMYFUNCTION("""COMPUTED_VALUE"""),"\collect\read\YouTube\TORONGO\_2X8LOMTO_Y\02545cee-3b3e-4d8e-aa0b-a8e37f1d6d4a.flac") -> \collect\read\YouTube\TORONGO\_2X8LOMTO_Y\02545cee-3b3e-4d8e-aa0b-a8e37f1d6d4a.flac | B3: =IFERROR(__xludf.DUMMYFUNCTION("""COMPUTED_VALUE"""),30.0) -> 30 | C3: =IFERROR(__xludf.DUMMYFUNCTION("""COMPUTED_VALUE"""),"পনাকে কেদেছেন শুভেচ্ছা শুনতে পাচ্ছি আমারানোদে সিটা খেলা ক্ষবাপতি কন্তান্দর দিতলার বাঙজার আলদানিনেনে জি প্রশ্ন লদা হছে আমাদেরতেখন বছর সর্বরমে আম মিছু জামাার চাকন গ্রাম অঞচলে আম িতু অঅবাধ নাই যেটা আপটা কে মারাআকিনতুনি জা কাদেরকে পায়ন ও আমগুলো না দুয়েই জি না"&" দুইয়ে শিয়ে ওইভাবে দেখাযানা শুজিয়ে খাওয়ায় তাদের পদাক্ষ কমে") -> পনাকে কেদেছেন শুভেচ্ছা শুনতে পাচ্ছি আমারানোদে সিটা খেলা ক্ষবাপতি কন্তান্দর দিতলার বাঙজার আলদানিনেনে জি প্রশ্ন লদা হছে আমাদেরতেখন বছর সর্বরমে আম মিছু জামাার চাকন গ্রাম অঞচলে আম িতু অঅবাধ নাই যেটা আপটা কে মারাআকিনতুনি জা কাদেরকে পায়ন ও আমগুলো না দুয়েই জি না দুইয়ে শিয়ে ওইভাবে দেখাযানা শুজিয়ে খাওয়ায় তাদের পদাক্ষ কমে | D3: =IFERROR(__xludf.DUMMYFUNCTION("""COMPUTED_VALUE"""),"Yes") -> Yes | E3: =IFERROR(__xludf.DUMMYFUNCTION("""COMPUTED_VALUE"""),"Yes") -> Yes | F3: =IFERROR(__xludf.DUMMYFUNCTION("""COMPUTED_VALUE"""),"Yes") -> Yes | G3: =IFERROR(__xludf.DUMMYFUNCTION("""COMPUTED_VALUE"""),0.0) -> 0 | H3: =IFERROR(__xludf.DUMMYFUNCTION("""COMPUTED_VALUE"""),0.0) -> 0 | I3: =IFERROR(__xludf.DUMMYFUNCTION("""COMPUTED_VALUE"""),0.0) -> 0 | J3: =IFERROR(__xludf.DUMMYFUNCTION("""COMPUTED_VALUE"""),0.0) -> 0 | K3: =IFERROR(__xludf.DUMMYFUNCTION("""COMPUTED_VALUE"""),"2 - Poor quality Noisy, unclear,") -> 2 - Poor quality Noisy, unclear, | L3: =IFERROR(__xludf.DUMMYFUNCTION("""COMPUTED_VALUE"""),"No") -> No
A4: =IFERROR(__xludf.DUMMYFUNCTION("""COMPUTED_VALUE"""),"\collect\read\YouTube\TORONGO\_2X8LOMTO_Y\042d5cb6-6c46-4acd-991e-39337d781ccc.flac") -> \collect\read\YouTube\TORONGO\_2X8LOMTO_Y\042d5cb6-6c46-4acd-991e-39337d781ccc.flac | B4: =IFERROR(__xludf.DUMMYFUNCTION("""COMPUTED_VALUE"""),30.0) -> 30 | C4: =IFERROR(__xludf.DUMMYFUNCTION("""COMPUTED_VALUE"""),"শরের বন্ধু মেহেদী হাসান খুব ভালো একটা প্রশ্ন করলেন শিশুর বিশবক আমাদের সাথে আছেন শুধু কাঁঠাল কেন যেকোনো ফল যদি বেশি পরিমাণ লিচু যদি বেশি খায় পেট ফেঁপে যাবে পেটে ব্যথা হতে পারে তাহল আপনি প্রশ্ন করছেন যে কাঁঠাল খেয়ে যদি বদ হজম হয় তাহলে কি ধরনের ওষুধ খেয়ে আমর"&"া এতে পরিত্রাণ পাব বা এটা কোনো রোগ কি না ডাক্তার রেজয়াল আহসেল বিপুল ধন্যবাদ আসলে প্রথম এই যে কাঁঠালের ব্যাপারটা কাঠালটা অনেকটা মোটা ফাইবার এটা অনেকটা ভারির") -> শরের বন্ধু মেহেদী হাসান খুব ভালো একটা প্রশ্ন করলেন শিশুর বিশবক আমাদের সাথে আছেন শুধু কাঁঠাল কেন যেকোনো ফল যদি বেশি পরিমাণ লিচু যদি বেশি খায় পেট ফেঁপে যাবে পেটে ব্যথা হতে পারে তাহল আপনি প্রশ্ন করছেন যে কাঁঠাল খেয়ে যদি বদ হজম হয় তাহলে কি ধরনের ওষুধ খেয়ে আমরা এতে পরিত্রাণ পাব বা এটা কোনো রোগ কি না ডাক্তার রেজয়াল আহসেল বিপুল ধন্যবাদ আসলে প্রথম এই যে কাঁঠালের ব্যাপারটা কাঠালটা অনেকটা মোটা ফাইবার এটা অনেকটা ভারির | D4: =IFERROR(__xludf.DUMMYFUNCTION("""COMPUTED_VALUE"""),"Yes") -> Yes | E4: =IFERROR(__xludf.DUMMYFUNCTION("""COMPUTED_VALUE"""),"Yes") -> Yes | F4: =IFERROR(__xludf.DUMMYFUNCTION("""COMPUTED_VALUE"""),"Yes") -> Yes | G4: =IFERROR(__xludf.DUMMYFUNCTION("""COMPUTED_VALUE"""),0.5) -> 0.5 | H4: =IFERROR(__xludf.DUMMYFUNCTION("""COMPUTED_VALUE"""),0.5) -> 0.5 | I4: =IFERROR(__xludf.DUMMYFUNCTION("""COMPUTED_VALUE"""),0.5) -> 0.5 | J4: =IFERROR(__xludf.DUMMYFUNCTION("""COMPUTED_VALUE"""),0.5) -> 0.5 | K4: =IFERROR(__xludf.DUMMYFUNCTION("""COMPUTED_VALUE"""),"5 – High-quality, Clean Bangla speech") -> 5 – High-quality, Clean Bangla speech | L4: =IFERROR(__xludf.DUMMYFUNCTION("""COMPUTED_VALUE"""),"No") -> No
A5: =IFERROR(__xludf.DUMMYFUNCTION("""COMPUTED_VALUE"""),"\collect\read\YouTube\TORONGO\_2X8LOMTO_Y\0511ca48-79d1-4aff-92e1-d9bf3038af3d.flac") -> \collect\read\YouTube\TORONGO\_2X8LOMTO_Y\0511ca48-79d1-4aff-92e1-d9bf3038af3d.flac | B5: =IFERROR(__xludf.DUMMYFUNCTION("""COMPUTED_VALUE"""),30.0) -> 30 | C5: =IFERROR(__xludf.DUMMYFUNCTION("""COMPUTED_VALUE"""),"সমৃদ্ধ আর যে ক্যাপসুলযে খাচ্ছেন সেটা বানিয়েছে দুবছর আগে বা এক বছর আগে বাছমাস আগে আপনি সেটা খাওয়ার জন্য কেন ব্যস্ত হবেন তবে কিছু কিছু ভিটামিন আছে শহীদীয়ে ইনজেকশন দিয়ে ঘটতে হয় যখন যে ভিটামিনের প্রয়োজনীয়তা খুব বেশি হয় সেটার অভাব যখন তৈরি হয় কোনো রোগের কারণে "&"কোনো রোগের কারণে আর সেটা দূর করবার জন্য সে ভিটামিন বিশেষ অনুপুষ্টি কিছু কিছু ব্যবস্থা রয়েছে আমরা স্যালেন দিয়েও অনুপস্টি দিতে হয় কিছু রোগীর") -> সমৃদ্ধ আর যে ক্যাপসুলযে খাচ্ছেন সেটা বানিয়েছে দুবছর আগে বা এক বছর আগে বাছমাস আগে আপনি সেটা খাওয়ার জন্য কেন ব্যস্ত হবেন তবে কিছু কিছু ভিটামিন আছে শহীদীয়ে ইনজেকশন দিয়ে ঘটতে হয় যখন যে ভিটামিনের প্রয়োজনীয়তা খুব বেশি হয় সেটার অভাব যখন তৈরি হয় কোনো রোগের কারণে কোনো রোগের কারণে আর সেটা দূর করবার জন্য সে ভিটামিন বিশেষ অনুপুষ্টি কিছু কিছু ব্যবস্থা রয়েছে আমরা স্যালেন দিয়েও অনুপস্টি দিতে হয় কিছু রোগীর | D5: =IFERROR(__xludf.DUMMYFUNCTION("""COMPUTED_VALUE"""),"Yes") -> Yes | E5: =IFERROR(__xludf.DUMMYFUNCTION("""COMPUTED_VALUE"""),"No") -> No | F5: =IFERROR(__xludf.DUMMYFUNCTION("""COMPUTED_VALUE"""),"Yes") -> Yes | G5: =IFERROR(__xludf.DUMMYFUNCTION("""COMPUTED_VALUE"""),0.5) -> 0.5 | H5: =IFERROR(__xludf.DUMMYFUNCTION("""COMPUTED_VALUE"""),0.5) -> 0.5 | I5: =IFERROR(__xludf.DUMMYFUNCTION("""COMPUTED_VALUE"""),1.0) -> 1 | J5: =IFERROR(__xludf.DUMMYFUNCTION("""COMPUTED_VALUE"""),1.0) -> 1 | K5: =IFERROR(__xludf.DUMMYFUNCTION("""COMPUTED_VALUE"""),"5 – High-quality, Clean Bangla speech") -> 5 – High-quality, Clean Bangla speech | L5: =IFERROR(__xludf.DUMMYFUNCTION("""COMPUTED_VALUE"""),"No") -> No
A6: =IFERROR(__xludf.DUMMYFUNCTION("""COMPUTED_VALUE"""),"\collect\read\YouTube\TORONGO\_2X8LOMTO_Y\05805271-fcae-4203-af50-606ca2f5f9ab.flac") -> \collect\read\YouTube\TORONGO\_2X8LOMTO_Y\05805271-fcae-4203-af50-606ca2f5f9ab.flac | B6: =IFERROR(__xludf.DUMMYFUNCTION("""COMPUTED_VALUE"""),30.0) -> 30 | C6: =IFERROR(__xludf.DUMMYFUNCTION("""COMPUTED_VALUE"""),"আমরা জানিয়ে দি আজকের হে কুস্টি আর কুইস্টি জানানো হলো তাহলে তুমি সাইত্রিশের বিজয়ীদের নাম ঘোষণা করছি ঝিনাইদহ থেকে সুরাইয়া মুনিরা ঝিনাইদহ থেকে সুরাইয়া মনিরা রাজশাহী থেকে ফয়সাল আহমেদ রাজশাহী থেকে ফয়সল আহমেদ বরিশাল থেকে রায়হান পারভেজ বরিশাল থেকে রায়হান পারভেজ "&"সবাইকে শুভেচ্ছা বৃশেষ তাহলে আজ এ পর্যন্তই আজকে পারিবারিক কারণ ডাকটা মুরাদ আমাদের") -> আমরা জানিয়ে দি আজকের হে কুস্টি আর কুইস্টি জানানো হলো তাহলে তুমি সাইত্রিশের বিজয়ীদের নাম ঘোষণা করছি ঝিনাইদহ থেকে সুরাইয়া মুনিরা ঝিনাইদহ থেকে সুরাইয়া মনিরা রাজশাহী থেকে ফয়সাল আহমেদ রাজশাহী থেকে ফয়সল আহমেদ বরিশাল থেকে রায়হান পারভেজ বরিশাল থেকে রায়হান পারভেজ সবাইকে শুভেচ্ছা বৃশেষ তাহলে আজ এ পর্যন্তই আজকে পারিবারিক কারণ ডাকটা মুরাদ আমাদের | D6: =IFERROR(__xludf.DUMMYFUNCTION("""COMPUTED_VALUE"""),"Yes") -> Yes | E6: =IFERROR(__xludf.DUMMYFUNCTION("""COMPUTED_VALUE"""),"Yes") -> Yes | F6: =IFERROR(__xludf.DUMMYFUNCTION("""COMPUTED_VALUE"""),"Yes") -> Yes | G6: =IFERROR(__xludf.DUMMYFUNCTION("""COMPUTED_VALUE"""),0.0) -> 0 | H6: =IFERROR(__xludf.DUMMYFUNCTION("""COMPUTED_VALUE"""),0.0) -> 0 | I6: =IFERROR(__xludf.DUMMYFUNCTION("""COMPUTED_VALUE"""),0.5) -> 0.5 | J6: =IFERROR(__xludf.DUMMYFUNCTION("""COMPUTED_VALUE"""),0.5) -> 0.5 | K6: =IFERROR(__xludf.DUMMYFUNCTION("""COMPUTED_VALUE"""),"5 – High-quality, Clean Bangla speech") -> 5 – High-quality, Clean Bangla speech | L6: =IFERROR(__xludf.DUMMYFUNCTION("""COMPUTED_VALUE"""),"No") -> No
A7: =IFERROR(__xludf.DUMMYFUNCTION("""COMPUTED_VALUE"""),"\collect\read\YouTube\TORONGO\_2X8LOMTO_Y\07f5cc9a-2d7a-49ce-a66f-4756ee6f2b37.flac") -> \collect\read\YouTube\TORONGO\_2X8LOMTO_Y\07f5cc9a-2d7a-49ce-a66f-4756ee6f2b37.flac | B7: =IFERROR(__xludf.DUMMYFUNCTION("""COMPUTED_VALUE"""),30.0) -> 30 | C7: =IFERROR(__xludf.DUMMYFUNCTION("""COMPUTED_VALUE"""),"স ক্যাম্পেন চলাকালে যদি খাওয়াতে না পারি দেখুন আগে একটি দিন নির্ধারণ করা ছিল কোনো কারণে একটি দিন আসতে পারেনি এখন পাঁচই জুন থেকে উনিশে জুন একনাগাড়ে কতদিন দেখেন আজকে পেলেন না আগামীকাল তুমি চি পাবেন আগামীকাল ব্যস্ত তারপর দুনতে পারবেন সুযোগ নিশ্চয় হবে সুতরাং আ"&"পনাকে এ সুযোগটা নিতেই হবে আর যারা নিতে পারছেন না বুঝতে হবে এটা অনিহা অথবা আপনারা হেয়ালিপনা করছেন আপনি যে কথা বলছেন সে গুরুত্বটি দিয়ে পড়া উত্তরটি নেব আমরা") -> স ক্যাম্পেন চলাকালে যদি খাওয়াতে না পারি দেখুন আগে একটি দিন নির্ধারণ করা ছিল কোনো কারণে একটি দিন আসতে পারেনি এখন পাঁচই জুন থেকে উনিশে জুন একনাগাড়ে কতদিন দেখেন আজকে পেলেন না আগামীকাল তুমি চি পাবেন আগামীকাল ব্যস্ত তারপর দুনতে পারবেন সুযোগ নিশ্চয় হবে সুতরাং আপনাকে এ সুযোগটা নিতেই হবে আর যারা নিতে পারছেন না বুঝতে হবে এটা অনিহা অথবা আপনারা হেয়ালিপনা করছেন আপনি যে কথা বলছেন সে গুরুত্বটি দিয়ে পড়া উত্তরটি নেব আমরা | D7: =IFERROR(__xludf.DUMMYFUNCTION("""COMPUTED_VALUE"""),"No") -> No | E7: =IFERROR(__xludf.DUMMYFUNCTION("""COMPUTED_VALUE"""),"Yes") -> Yes | F7: =IFERROR(__xludf.DUMMYFUNCTION("""COMPUTED_VALUE"""),"Yes") -> Yes | G7: =IFERROR(__xludf.DUMMYFUNCTION("""COMPUTED_VALUE"""),0.0) -> 0 | H7: =IFERROR(__xludf.DUMMYFUNCTION("""COMPUTED_VALUE"""),0.0) -> 0 | I7: =IFERROR(__xludf.DUMMYFUNCTION("""COMPUTED_VALUE"""),0.0) -> 0 | J7: =IFERROR(__xludf.DUMMYFUNCTION("""COMPUTED_VALUE"""),0.0) -> 0 | K7: =IFERROR(__xludf.DUMMYFUNCTION("""COMPUTED_VALUE"""),"5 – High-quality, Clean Bangla speech") -> 5 – High-quality, Clean Bangla speech | L7: =IFERROR(__xludf.DUMMYFUNCTION("""COMPUTED_VALUE"""),"No") -> No
A8: =IFERROR(__xludf.DUMMYFUNCTION("""COMPUTED_VALUE"""),"\collect\read\YouTube\TORONGO\_2X8LOMTO_Y\09075395-b9c0-4b75-a4e0-54bb5e807fe7.flac") -> \collect\read\YouTube\TORONGO\_2X8LOMTO_Y\09075395-b9c0-4b75-a4e0-54bb5e807fe7.flac | B8: =IFERROR(__xludf.DUMMYFUNCTION("""COMPUTED_VALUE"""),30.0) -> 30 | C8: =IFERROR(__xludf.DUMMYFUNCTION("""COMPUTED_VALUE"""),"একটা প্রশ্ন না করে পারছি না আমাদের শ্রোতা মনে একটা প্রশ্ন যে বাচ্চারা খেতেই চায় না তারা অরুচি শাক সবজি দিলে বমি শাক সবজিও পছন্দ কারণ আমরা বুঝি আপনি এতক্ষণ বলছিলেন যে ভিটামিন এ খাদ্যের মাধ্যমেই সংযোজনের চেষ্টা করতেই হবে যদিও ভিটামিন এ প্লাস ক্যাম্পেইন আমরা"&" একবার দিচ্ছি কিন্তু প্রতিদিনের খাদ্যে শাক সবজি থাকা দরকার সে শাক সবজি বাচ্চার খেতেই চায়না পছন্দই করে না এটা তো মুখোমুখি আপনি প্রতিদিনই হব একজিন্টলি আসলে এ প্রশ্নের এবং এই সমস্যা সমাজ") -> একটা প্রশ্ন না করে পারছি না আমাদের শ্রোতা মনে একটা প্রশ্ন যে বাচ্চারা খেতেই চায় না তারা অরুচি শাক সবজি দিলে বমি শাক সবজিও পছন্দ কারণ আমরা বুঝি আপনি এতক্ষণ বলছিলেন যে ভিটামিন এ খাদ্যের মাধ্যমেই সংযোজনের চেষ্টা করতেই হবে যদিও ভিটামিন এ প্লাস ক্যাম্পেইন আমরা একবার দিচ্ছি কিন্তু প্রতিদিনের খাদ্যে শাক সবজি থাকা দরকার সে শাক সবজি বাচ্চার খেতেই চায়না পছন্দই করে না এটা তো মুখোমুখি আপনি প্রতিদিনই হব একজিন্টলি আসলে এ প্রশ্নের এবং এই সমস্যা সমাজ | D8: =IFERROR(__xludf.DUMMYFUNCTION("""COMPUTED_VALUE"""),"Yes") -> Yes | E8: =IFERROR(__xludf.DUMMYFUNCTION("""COMPUTED_VALUE"""),"Yes") -> Yes | F8: =IFERROR(__xludf.DUMMYFUNCTION("""COMPUTED_VALUE"""),"Yes") -> Yes | G8: =IFERROR(__xludf.DUMMYFUNCTION("""COMPUTED_VALUE"""),1.0) -> 1 | H8: =IFERROR(__xludf.DUMMYFUNCTION("""COMPUTED_VALUE"""),1.0) -> 1 | I8: =IFERROR(__xludf.DUMMYFUNCTION("""COMPUTED_VALUE"""),0.5) -> 0.5 | J8: =IFERROR(__xludf.DUMMYFUNCTION("""COMPUTED_VALUE"""),0.5) -> 0.5 | K8: =IFERROR(__xludf.DUMMYFUNCTION("""COMPUTED_VALUE"""),"5 – High-quality, Clean Bangla speech") -> 5 – High-quality, Clean Bangla speech | L8: =IFERROR(__xludf.DUMMYFUNCTION("""COMPUTED_VALUE"""),"No") -> No
A9: =IFERROR(__xludf.DUMMYFUNCTION("""COMPUTED_VALUE"""),"\collect\read\YouTube\TORONGO\_2X8LOMTO_Y\102c8576-b6b9-4ae5-bbe1-7e7fff44cdae.flac") -> \collect\read\YouTube\TORONGO\_2X8LOMTO_Y\102c8576-b6b9-4ae5-bbe1-7e7fff44cdae.flac | B9: =IFERROR(__xludf.DUMMYFUNCTION("""COMPUTED_VALUE"""),30.0) -> 30 | C9: =IFERROR(__xludf.DUMMYFUNCTION("""COMPUTED_VALUE"""),"কি যুক্ত হয়েছে ভিটামিনএ দেয়া হবে মূল কথা এটাই মনে রাখতে হবে একটি প্রসঙ্গ আসি অনেক বাচ্চারা তার মা বাবা চায় যে বাসায় নিয়েই যে আমরা খাওবা মার হাতে ক্যাপশুলটা দিয়ে দিন তখন কি করা জায়গায় পেবি ধন্যবাদ খুবই গুরুত্বপূর্ণ প্রশ্ন অনেকে কিন্তু এসে আপদার করে আমরা যে"&" ইয়ের মধ্যে রাখি যারা প্রিজারভেশন করে তার মধ্যে একটা নির্দিষ্ট তাপমাত্রার মধ্যে নদশট দের আমরা রাখি এবং ইিলকেট সো আরকেক্স এগুলো যদি আমরা কাগজে পেছিয়ে নিয়ে যাই তাহলে তারা যে এফিকেসি বা") -> কি যুক্ত হয়েছে ভিটামিনএ দেয়া হবে মূল কথা এটাই মনে রাখতে হবে একটি প্রসঙ্গ আসি অনেক বাচ্চারা তার মা বাবা চায় যে বাসায় নিয়েই যে আমরা খাওবা মার হাতে ক্যাপশুলটা দিয়ে দিন তখন কি করা জায়গায় পেবি ধন্যবাদ খুবই গুরুত্বপূর্ণ প্রশ্ন অনেকে কিন্তু এসে আপদার করে আমরা যে ইয়ের মধ্যে রাখি যারা প্রিজারভেশন করে তার মধ্যে একটা নির্দিষ্ট তাপমাত্রার মধ্যে নদশট দের আমরা রাখি এবং ইিলকেট সো আরকেক্স এগুলো যদি আমরা কাগজে পেছিয়ে নিয়ে যাই তাহলে তারা যে এফিকেসি বা | D9: =IFERROR(__xludf.DUMMYFUNCTION("""COMPUTED_VALUE"""),"Yes") -> Yes | E9: =IFERROR(__xludf.DUMMYFUNCTION("""COMPUTED_VALUE"""),"Yes") -> Yes | F9: =IFERROR(__xludf.DUMMYFUNCTION("""COMPUTED_VALUE"""),"Yes") -> Yes | G9: =IFERROR(__xludf.DUMMYFUNCTION("""COMPUTED_VALUE"""),0.5) -> 0.5 | H9: =IFERROR(__xludf.DUMMYFUNCTION("""COMPUTED_VALUE"""),0.5) -> 0.5 | I9: =IFERROR(__xludf.DUMMYFUNCTION("""COMPUTED_VALUE"""),0.5) -> 0.5 | J9: =IFERROR(__xludf.DUMMYFUNCTION("""COMPUTED_VALUE"""),0.5) -> 0.5 | K9: =IFERROR(__xludf.DUMMYFUNCTION("""COMPUTED_VALUE"""),"5 – High-quality, Clean Bangla speech") -> 5 – High-quality, Clean Bangla speech | L9: =IFERROR(__xludf.DUMMYFUNCTION("""COMPUTED_VALUE"""),"Yes") -> Yes
A10: =IFERROR(__xludf.DUMMYFUNCTION("""COMPUTED_VALUE"""),"\collect\read\YouTube\TORONGO\_2X8LOMTO_Y\162d5313-ee9c-4c87-b22a-354b1017092b.flac") -> \collect\read\YouTube\TORONGO\_2X8LOMTO_Y\162d5313-ee9c-4c87-b22a-354b1017092b.flac | B10: =IFERROR(__xludf.DUMMYFUNCTION("""COMPUTED_VALUE"""),30.0) -> 30 | C10: =IFERROR(__xludf.DUMMYFUNCTION("""COMPUTED_VALUE"""),"যেটা ফ্রেশ আম বা লিচু আমি ফরমালিন যুক্ত না ফ্রেশ শাম বা লিচু যদি আমরা ইউজ করতে পারি বা আমরা পাকা পেঁপে পাওয়া যায় আমাদের অনেকগুলো বেশি ফল আছে দেশি ফলগুলো যদি আমরা বাচ্চাতে ক্যান শুরু করতে পারি তাহলে কিন্তু আসলে এ সমস্যাটা আর হয় না এ তথ্যগুলো আপনারা বারবার "&"আলোচনা করবেন আমরা আলোচনা আনতে চাই আমরা চলে যাই আপনাদের কাছে নিচি ফোন কল হ্যালো হ্যালো নমাকার শুভেচ্ছা") -> যেটা ফ্রেশ আম বা লিচু আমি ফরমালিন যুক্ত না ফ্রেশ শাম বা লিচু যদি আমরা ইউজ করতে পারি বা আমরা পাকা পেঁপে পাওয়া যায় আমাদের অনেকগুলো বেশি ফল আছে দেশি ফলগুলো যদি আমরা বাচ্চাতে ক্যান শুরু করতে পারি তাহলে কিন্তু আসলে এ সমস্যাটা আর হয় না এ তথ্যগুলো আপনারা বারবার আলোচনা করবেন আমরা আলোচনা আনতে চাই আমরা চলে যাই আপনাদের কাছে নিচি ফোন কল হ্যালো হ্যালো নমাকার শুভেচ্ছা | D10: =IFERROR(__xludf.DUMMYFUNCTION("""COMPUTED_VALUE"""),"Yes") -> Yes | E10: =IFERROR(__xludf.DUMMYFUNCTION("""COMPUTED_VALUE"""),"No") -> No | F10: =IFERROR(__xludf.DUMMYFUNCTION("""COMPUTED_VALUE"""),"Yes") -> Yes | G10: =IFERROR(__xludf.DUMMYFUNCTION("""COMPUTED_VALUE"""),0.5) -> 0.5 | H10: =IFERROR(__xludf.DUMMYFUNCTION("""COMPUTED_VALUE"""),0.5) -> 0.5 | I10: =IFERROR(__xludf.DUMMYFUNCTION("""COMPUTED_VALUE"""),1.0) -> 1 | J10: =IFERROR(__xludf.DUMMYFUNCTION("""COMPUTED_VALUE"""),0.5) -> 0.5 | K10: =IFERROR(__xludf.DUMMYFUNCTION("""COMPUTED_VALUE"""),"5 – High-quality, Clean Bangla speech") -> 5 – High-quality, Clean Bangla speech | L10: =IFERROR(__xludf.DUMMYFUNCTION("""COMPUTED_VALUE"""),"No") -> No
